{
  "display": {
    "icon": {
      "item": "minecraft:iron_bars"
    },
    "title": "Failed Mission",
    "description": "Enter the Quartz Tower, where the ancient Ghastlings perished in prison",
    "frame": "task",
    "show_toast": true,
    "announce_to_chat": true,
    "hidden": false
  },
  "parent": "incendium:quartz_flats/floor_is_tears",
  "criteria": {
    "requirement": {
      "trigger": "minecraft:location",
      "conditions": {
        "location": {
          "feature": "incendium:abandoned_tower"
        }
      }
    }
  }
}
