{
	"feature": "starmute:amplified/basalt_ceiling",
	"placement": [
		{
			"type": "minecraft:count",
			"count": 144
		},
		{
			"type": "minecraft:count",
			"count": 8
		},
		{
			"type": "minecraft:in_square"
		},
		{
			"type": "minecraft:height_range",
			"height": {
				"type": "minecraft:uniform",
				"min_inclusive": {
					"absolute": 31
				},
				"max_inclusive": {
					"absolute": 245
				}
			}
		},
		{
			"type": "minecraft:environment_scan",
			"direction_of_search": "up",
			"target_condition": {
				"type": "minecraft:solid"
			},
			"allowed_search_condition": {
				"type": "minecraft:matching_blocks",
				"blocks": [
					"minecraft:air"
				]
			},
			"max_steps": 32
		},
		{
			"type": "minecraft:biome"
		}
	]
}
