{
	"feature": "starmute:amplified/gravel_shore",
	"placement": [
		{
			"type": "count",
			"count": 255
		},
		{
			"type": "minecraft:in_square"
		},
		{
			"type": "minecraft:noise_based_count",
			"noise_to_count_ratio": 1,
			"noise_factor": 100,
			"noise_offset": -0.6
		},
		{
			"type": "minecraft:height_range",
			"height": {
				"type": "minecraft:uniform",
				"min_inclusive": {
					"absolute": 29
				},
				"max_inclusive": {
					"absolute": 33
				}
			}
		},
		{
			"type": "minecraft:biome"
		}
	]
}
