{
  "max_exclusive": -0.5,
  "when_in_range": 64.0,
  "when_out_of_range": {
    "argument1": {
      "argument": {
        "max_exclusive": 249.0,
        "when_in_range": {
          "argument1": -0.135,
          "argument2": {
            "argument1": -0.065,
            "argument2": {
              "noise": "minecraft:noodle_thickness",
              "xz_scale": 1.0,
              "y_scale": 1.0,
              "type": "minecraft:noise"
            },
            "type": "minecraft:mul"
          },
          "type": "minecraft:add"
        },
        "when_out_of_range": 0.0,
        "input": "minecraft:y",
        "min_inclusive": 4.0,
        "type": "minecraft:range_choice"
      },
      "type": "minecraft:interpolated"
    },
    "argument2": {
      "argument1": 1.5,
      "argument2": {
        "argument1": {
          "argument": {
            "argument": {
              "max_exclusive": 249.0,
              "when_in_range": 

              {

              "argument1":{
                "noise": "minecraft:noodle_ridge_a",
                "xz_scale": 1,
                "y_scale": 1,
                "type": "minecraft:noise"
              },
              "argument2":{
                "noise": "amplified_nether:math/cave/modulator",
                "xz_scale": 0.75,
                "y_scale": 2.25,
                "type": "minecraft:noise"
              },
              "type":"add"
            },

              "when_out_of_range": 0.0,
              "input": "minecraft:y",
              "min_inclusive": -60.0,
              "type": "minecraft:range_choice"
            },
            "type": "minecraft:interpolated"
          },
          "type": "minecraft:abs"
        },
        "argument2": {
          "argument": {
            "argument": {
              "max_exclusive": 321.0,
              "when_in_range":               {

              "argument1":{
                "noise": "minecraft:noodle_ridge_b",
                "xz_scale": 1,
                "y_scale": 1,
                "type": "minecraft:noise"
              },
              "argument2":{
                "noise": "amplified_nether:math/cave/modulator2",
                "xz_scale": 0.75,
                "y_scale": 2.25,
                "type": "minecraft:noise"
              },
              "type":"add"
            },
              "when_out_of_range": 0.0,
              "input": "minecraft:y",
              "min_inclusive": -60.0,
              "type": "minecraft:range_choice"
            },
            "type": "minecraft:interpolated"
          },
          "type": "minecraft:abs"
        },
        "type": "minecraft:max"
      },
      "type": "minecraft:mul"
    },
    "type": "minecraft:add"
  },
  "input": {
    "argument": {
      "max_exclusive": 249.0,
      "when_in_range": {
        "noise": "minecraft:noodle",
        "xz_scale": 1.0,
        "y_scale": 1.0,
        "type": "minecraft:noise"
      },
      "when_out_of_range": -1.0,
      "input": "minecraft:y",
      "min_inclusive": 4.0,
      "type": "minecraft:range_choice"
    },
    "type": "minecraft:interpolated"
  },
  "min_inclusive": -1000000.0,
  "type": "minecraft:range_choice"
}