{
  "type": "minecraft:decorated",
  "config": {
    "decorator": {
      "type": "minecraft:count_extra",
      "config": {
        "count": 1,
        "extra_count": 1000,
        "extra_chance": 1
      }
    },
    "feature": {
      "type": "minecraft:decorated",
      "config": {
        "decorator": {
          "type": "minecraft:decorated",
          "config": {
            "outer": {
              "type": "minecraft:square",
              "config": {}
            },
            "inner": {
              "type": "minecraft:count_multilayer",
              "config": {
                "count": 1
              }
            }
          }
        },
        "feature": {
          "type": "minecraft:decorated",
          "config": {
            "decorator": {
              "type": "minecraft:count_noise_biased",
              "config": {
                "noise_to_count_ratio": 1,
                "noise_factor": 51,
                "noise_offset": 0
              }
            },
            "feature": {
              "type": "minecraft:ore",
              "config": {
                "size": 12,
                "discard_chance_on_air_exposure": 0,
                "targets": [
                  {
                    "target": {
                      "block": "minecraft:netherrack",
                      "predicate_type": "minecraft:block_match"
                    },
                    "state": {
                      "Name": "minecraft:blackstone"
                    }
                  }
                ]
              }
            }
          }
        }
      }
    }
  }
}
