{
  "type": "minecraft:decorated",
  "config": {
    "decorator": {
      "type": "minecraft:count",
      "config": {
        "count": 255
      }
    },
    "feature": {
      "type": "minecraft:decorated",
      "config": {
        "decorator": {
          "type": "minecraft:decorated",
          "config": {
            "outer": {
              "type": "minecraft:square",
              "config": {}
            },
            "inner": {
              "type": "minecraft:count_noise_biased",
              "config": {
                "noise_to_count_ratio": 1,
                "noise_factor": 100,
                "noise_offset": -0.6
              }
            }
          }
        },
        "feature": {
          "type": "minecraft:decorated",
          "config": {
            "decorator": {
              "type": "minecraft:range",
              "config": {
                "height": {
                  "type": "minecraft:uniform",
                  "min_inclusive": {
                    "absolute": 29
                  },
                  "max_inclusive": {
                    "absolute": 33
                  }
                }
              }
            },
            "feature": {
              "type": "minecraft:ore",
              "config": {
                "size": 27,
                "discard_chance_on_air_exposure": 0,
                "targets": [
                  {
                    "target": {
                      "predicate_type": "minecraft:block_match",
                      "block": "minecraft:netherrack"
                    },
                    "state": {
                      "Name": "minecraft:gravel"
                    }
                  }
                ]
              }
            }
          }
        }
      }
    }
  }
}
