{
  "type": "minecraft:decorated",
  "config": {
    "decorator": {
      "type": "minecraft:count_extra",
      "config": {
        "count": 128,
        "extra_count": 1750,
        "extra_chance": 1
      }
    },
    "feature": {
      "type": "minecraft:decorated",
      "config": {
        "decorator": {
          "type": "minecraft:decorated",
          "config": {
            "outer": {
              "type": "minecraft:square",
              "config": {}
            },
            "inner": {
              "type": "minecraft:count_noise_biased",
              "config": {
                "noise_to_count_ratio": 1,
                "noise_factor": 35,
                "noise_offset": 0
              }
            }
          }
        },
        "feature": {
          "type": "minecraft:decorated",
          "config": {
            "decorator": {
              "type": "minecraft:range",
              "config": {
                "height": {
                  "type": "minecraft:uniform",
                  "min_inclusive": {
                    "absolute": 31
                  },
                  "max_inclusive": {
                    "absolute": 245
                  }
                }
              }
            },
            "feature": {
              "type": "minecraft:decorated",
              "config": {
                "decorator": {
                  "type": "minecraft:cave_surface",
                  "config": {
                    "surface": "ceiling",
                    "floor_to_ceiling_search_range": 50
                  }
                },
                "feature": {
                  "type": "minecraft:vegetation_patch",
                  "config": {
                    "surface": "ceiling",
                    "depth": {
                      "type": "minecraft:uniform",
                      "value": {
                        "min_inclusive": 3,
                        "max_inclusive": 5
                      }
                    },
                    "vertical_range": 8,
                    "extra_bottom_block_chance": 0,
                    "extra_edge_column_chance": 0.5,
                    "vegetation_chance": 0,
                    "xz_radius": {
                      "type": "minecraft:uniform",
                      "value": {
                        "min_inclusive": 1,
                        "max_inclusive": 2
                      }
                    },
                    "replaceable": "starmute:ssv_ceiling",
                    "ground_state": {
                      "type": "minecraft:simple_state_provider",
                      "state": {
                        "Name": "minecraft:soul_sand",
                        "Properties": {}
                      }
                    },
                    "vegetation_feature": {
                      "type": "minecraft:no_op",
                      "config": {}
                    }
                  }
                }
              }
            }
          }
        }
      }
    }
  }
}
