{
  "name": "minecraft:bastion/starts",
  "fallback": "minecraft:empty",
  "elements": [
    {
      "weight": 2,
      "element": {
        "location": "nether:quartz_kitchen",
        "processors": "minecraft:bastion_generic_degradation",
        "projection": "rigid",
        "element_type": "minecraft:single_pool_element"
      }
    },
    {
      "weight": 2,
      "element": {
        "location": "nether:quartz_tower",
        "processors": "minecraft:bastion_generic_degradation",
        "projection": "rigid",
        "element_type": "minecraft:single_pool_element"
      }
    }
  ]
}