{
  "name": "terralith:village/desert/houses",
  "fallback": "minecraft:empty",
  "elements": [
    {
      "weight": 2,
      "element": {
        "element_type": "minecraft:single_pool_element",
        "projection": "rigid",
        "location": "terralith:village/desert/houses/fisherman1",
        "processors": "minecraft:empty"
      }
    },
    {
      "weight": 2,
      "element": {
        "element_type": "minecraft:single_pool_element",
        "projection": "rigid",
        "location": "terralith:village/desert/houses/fisherman2",
        "processors": "minecraft:empty"
      }
    },
    {
      "weight": 2,
      "element": {
        "element_type": "minecraft:single_pool_element",
        "projection": "rigid",
        "location": "terralith:village/desert/houses/toolsmith1",
        "processors": "minecraft:empty"
      }
    },
    {
      "weight": 2,
      "element": {
        "element_type": "minecraft:single_pool_element",
        "projection": "rigid",
        "location": "terralith:village/desert/houses/armorsmith1",
        "processors": "minecraft:empty"
      }
    },
    {
      "weight": 2,
      "element": {
        "element_type": "minecraft:single_pool_element",
        "projection": "rigid",
        "location": "terralith:village/desert/houses/weaponsmith1",
        "processors": "minecraft:empty"
      }
    },
    {
      "weight": 2,
      "element": {
        "element_type": "minecraft:single_pool_element",
        "projection": "rigid",
        "location": "terralith:village/desert/houses/library1",
        "processors": "minecraft:empty"
      }
    },
    
    {
      "weight": 2,
      "element": {
        "element_type": "minecraft:single_pool_element",
        "projection": "rigid",
        "location": "terralith:village/desert/houses/shepherd1",
        "processors": "minecraft:empty"
      }
    },
    {
      "weight": 2,
      "element": {
        "element_type": "minecraft:single_pool_element",
        "projection": "rigid",
        "location": "terralith:village/desert/houses/butcher1",
        "processors": "minecraft:empty"
      }
    },
    {
      "weight": 2,
      "element": {
        "element_type": "minecraft:single_pool_element",
        "projection": "rigid",
        "location": "terralith:village/desert/houses/cartographer1",
        "processors": "minecraft:empty"
      }
    },
    {
      "weight": 2,
      "element": {
        "element_type": "minecraft:single_pool_element",
        "projection": "rigid",
        "location": "terralith:village/desert/houses/cartographer2",
        "processors": "minecraft:empty"
      }
    },
    {
      "weight": 2,
      "element": {
        "element_type": "minecraft:single_pool_element",
        "projection": "rigid",
        "location": "terralith:village/desert/houses/generic1",
        "processors": "minecraft:empty"
      }
    },
    {
      "weight": 2,
      "element": {
        "element_type": "minecraft:single_pool_element",
        "projection": "rigid",
        "location": "terralith:village/desert/houses/generic2",
        "processors": "minecraft:empty"
      }
    },
    {
      "weight": 2,
      "element": {
        "element_type": "minecraft:single_pool_element",
        "projection": "rigid",
        "location": "terralith:village/desert/houses/generic3",
        "processors": "minecraft:empty"
      }
    },
    {
      "weight": 2,
      "element": {
        "element_type": "minecraft:single_pool_element",
        "projection": "rigid",
        "location": "terralith:village/desert/houses/generic4",
        "processors": "minecraft:empty"
      }
    },
    {
      "weight": 2,
      "element": {
        "element_type": "minecraft:single_pool_element",
        "projection": "rigid",
        "location": "terralith:village/desert/houses/generic5",
        "processors": "minecraft:empty"
      }
    },
    {
      "weight": 2,
      "element": {
        "element_type": "minecraft:single_pool_element",
        "projection": "rigid",
        "location": "terralith:village/desert/houses/generic6",
        "processors": "minecraft:empty"
      }
    },
    {
      "weight": 2,
      "element": {
        "element_type": "minecraft:single_pool_element",
        "projection": "rigid",
        "location": "terralith:village/desert/houses/mason1",
        "processors": "terralith:village/desert/mason"
      }
    },
    {
      "weight": 2,
      "element": {
        "element_type": "minecraft:single_pool_element",
        "projection": "rigid",
        "location": "terralith:village/desert/houses/chapel1",
        "processors": "minecraft:empty"
      }
    },
    {
      "weight": 1,
      "element": {
        "element_type": "minecraft:single_pool_element",
        "projection": "rigid",
        "location": "terralith:village/desert/houses/fletcher1",
        "processors": "minecraft:empty"
      }
    },
    {
      "weight": 2,
      "element": {
        "element_type": "minecraft:single_pool_element",
        "projection": "rigid",
        "location": "terralith:village/desert/houses/farmer",
        "processors": "minecraft:empty"
      }
    }
    ,
    {
      "weight": 2,
      "element": {
        "element_type": "minecraft:single_pool_element",
        "projection": "rigid",
        "location": "terralith:village/desert/houses/generic_big1",
        "processors": "minecraft:empty"
      }
    },
    {
      "weight": 40,
      "element": {
        "element_type": "minecraft:empty_pool_element",
        "projection": "rigid",
        "location": "terralith:village/desert/houses/generic_big1",
        "processors": "minecraft:empty"
      }
    }
  ]
}
