{
  "type": "minecraft:decorated",
  "config": {
    "decorator": {
      "type": "minecraft:count_noise_biased",
      "config": {
        "noise_to_count_ratio": 240000,
        "noise_factor": 180,
        "noise_offset": -0.8
      }
    },
    "feature": {
      "type": "minecraft:decorated",
      "config": {
        "decorator": {
          "type": "minecraft:square",
          "config": {}
        },
        "feature": {
          "type": "minecraft:decorated",
          "config": {
            "decorator": {
              "type": "minecraft:square",
              "config": {}
            },
            "feature": {
              "type": "minecraft:decorated",
              "config": {
                "decorator": {
                  "type": "minecraft:range",
                  "config": {
                    "height": {
                      "min_inclusive": {
                        "absolute": 62
                      },
                      "max_inclusive": {
                        "absolute": 82
                      },
                      "type": "minecraft:uniform"
                    }
                  }
                },
                "feature": {
                  "config": {
                    "rock_count": 4,
                    "hole_count": 1,
                    "valid_blocks": [
                      "minecraft:air",
                      "minecraft:light_gray_terracotta",
                      "minecraft:white_terracotta",
                      "minecraft:stone",
                      "minecraft:red_sandstone",
                      "minecraft:red_sand",
                      "minecraft:orange_terracotta",
                      "minecraft:yellow_terracotta",
                      "minecraft:terracotta"
                    ],
                    "state": {
                      "Properties": {
                        "falling": "true"
                      },
                      "Name": "minecraft:lava"
                    },
                    "requires_block_below": false
                  },
                  "type": "minecraft:spring_feature"
                }
              }
            }
          }
        }
      }
    }
  }
}