{
  "type": "minecraft:decorated",
  "config": {
    "decorator": {
      "type": "minecraft:count_noise_biased",
      "config": {
        "noise_to_count_ratio": 1000,
        "noise_factor": 266,
        "noise_offset": 0.8
      }
    },
    "feature": {
      "type": "minecraft:decorated",
      "config": {
        "decorator": {
          "type": "minecraft:decorated",
          "config": {
            "outer": {
              "type": "minecraft:square",
              "config": {}
            },
            "inner": {
              "type": "minecraft:nope",
              "config": {}
            }
          }
        },
        "feature": {
          "type": "minecraft:decorated",
          "config": {
            "decorator": {
              "type": "minecraft:range",
              "config": {
                "height": {
                  "min_inclusive": {
                    "absolute": 75
                  },
                  "max_inclusive": {
                    "absolute": 77
                  },
                  "type": "minecraft:uniform"
                }
              }
            },
            "feature": {
              "type": "minecraft:ore",
              "config": {
                "size": 30,
                "targets": [
                  {
                    "target": {
                      "block": "minecraft:cyan_terracotta",
                      "predicate_type": "minecraft:block_match"
                    },
                    "state": {
                      "Name": "minecraft:light_blue_terracotta"
                    }
                  }
                ],
                "discard_chance_on_air_exposure": 0.0
              }
            }
          }
        }
      }
    }
  }
}