{
  "config": {
    "feature": {
      "config": {
        "feature": {
          "config": {
            "ignore_vines": true,
            "minimum_size": {
              "limit": 2,
              "lower_size": 0,
              "upper_size": 2,
              "type": "minecraft:two_layers_feature_size"
            },
            "decorators": [],
            "trunk_provider": {
              "state": {
                "Properties": {
                  "axis": "y"
                },
                "Name": "minecraft:spruce_log"
              },
              "type": "minecraft:simple_state_provider"
            },
            "foliage_placer": {
              "radius": 1,
              "offset": 1,
              "height": {
                "type": "minecraft:uniform",
                "value": {
                  "min_inclusive": 3,
                  "max_inclusive": 4
                }
              },
              "type": "minecraft:pine_foliage_placer"
            },
            "trunk_placer": {
              "base_height": 6,
              "height_rand_a": 1,
              "height_rand_b": 3,
              "type": "minecraft:straight_trunk_placer"
            },
            "foliage_provider": {
              "state": {
                "Properties": {
                  "persistent": "false",
                  "distance": "7"
                },
                "Name": "minecraft:spruce_leaves"
              },
              "type": "minecraft:simple_state_provider"
            },
            "force_dirt": false,
            "sapling_provider": {
                      "type": "minecraft:simple_state_provider",
                      "state": {
                        "Name": "minecraft:oak_sapling",
                        "Properties": {
                          "stage": "0"
                        }
                      }
                    },"dirt_provider": {
              "state": {
                "Name": "minecraft:dirt"
              },
              "type": "minecraft:simple_state_provider"
            }
          },
          "type": "minecraft:tree"
        },
        "decorator": {
          "config": {
            "max_water_depth": 0
          },
          "type": "minecraft:water_depth_threshold"
        }
      },
      "type": "minecraft:decorated"
    },
    "decorator": {
      "config": {
        "heightmap": "OCEAN_FLOOR_WG"
      },
      "type": "minecraft:heightmap"
    }
  },
  "type": "minecraft:decorated"
}