{
  "type": "minecraft:decorated",
  "config": {
    "decorator": {
      "type": "minecraft:count_extra",
      "config": {
        "count": 2,
        "extra_count": 0,
        "extra_chance": 0
      }
    },
    "feature": {
      "type": "minecraft:decorated",
      "config": {
        "decorator": {
          "type": "minecraft:decorated",
          "config": {
            "outer": {
              "type": "minecraft:square",
              "config": {}
            },
            "inner": {
              "type": "minecraft:chance",
              "config": {
                "chance": 2
              }
            }
          }
        },
        "feature": {
          "type": "minecraft:decorated",
          "config": {
            "decorator": {
              "type": "minecraft:count_noise_biased",
              "config": {
                "noise_to_count_ratio": 90,
                "noise_factor": 28,
                "noise_offset": -0.35
              }
            },
            "feature": {
              "type": "minecraft:decorated",
              "config": {
                "decorator": {
                  "type": "minecraft:count_noise_biased",
                  "config": {
                    "noise_to_count_ratio": -1,
                    "noise_factor": 71,
                    "noise_offset": -0.35
                  }
                },
                "feature": {
                  "type": "minecraft:decorated",
                  "config": {
                    "decorator": {
                      "type": "minecraft:count_noise_biased",
                      "config": {
                        "noise_to_count_ratio": 1,
                        "noise_factor": 14,
                        "noise_offset": 1
                      }
                    },
                    "feature": {
                      "type": "minecraft:decorated",
                      "config": {
                        "decorator": {
                          "type": "minecraft:chance",
                          "config": {
                            "chance": 1
                          }
                        },
                        "feature": {
                          "type": "minecraft:decorated",
                          "config": {
                            "decorator": {
                              "type": "minecraft:decorated",
                              "config": {
                                "outer": {
                                  "type": "minecraft:range",
                                  "config": {
                                    "height": {
                                      "absolute": 318
                                    }
                                  }
                                },
                                "inner": {
                                  "type": "minecraft:cave_surface",
                                  "config": {
                                    "surface": "floor",
                                    "floor_to_ceiling_search_range": 255
                                  }
                                }
                              }
                            },
                            "feature": {
                              "type": "minecraft:random_selector",
                              "config": {
                                "features": [
                                  {
                                    "chance": 0,
                                    "feature": {
                                      "type": "minecraft:vegetation_patch",
                                      "config": {
                                        "surface": "floor",
                                        "depth": 3,
                                        "vertical_range": 1,
                                        "extra_bottom_block_chance": 0,
                                        "extra_edge_column_chance": 0.5,
                                        "vegetation_chance": 1,
                                        "xz_radius": {
                                          "type": "minecraft:uniform",
                                          "value": {
                                            "min_inclusive": 3,
                                            "max_inclusive": 5
                                          }
                                        },
                                        "replaceable": "terralith:badlands_pillar",
                                        "ground_state": {
                                          "type": "minecraft:simple_state_provider",
                                          "state": {
                                            "Name": "minecraft:terracotta"
                                          }
                                        },
                                        "vegetation_feature": {
                                          "type": "minecraft:random_selector",
                                          "config": {
                                            "features": [
                                              {
                                                "chance": 0.003,
                                                "feature": {
                                                  "type": "minecraft:vegetation_patch",
                                                  "config": {
                                                    "surface": "floor",
                                                    "depth": 2,
                                                    "vertical_range": 3,
                                                    "extra_bottom_block_chance": 0,
                                                    "extra_edge_column_chance": 0,
                                                    "vegetation_chance": 1,
                                                    "xz_radius": {
                                                      "type": "minecraft:uniform",
                                                      "value": {
                                                        "min_inclusive": 4,
                                                        "max_inclusive": 7
                                                      }
                                                    },
                                                    "replaceable": "terralith:badlands_pillar",
                                                    "ground_state": {
                                                      "type": "minecraft:simple_state_provider",
                                                      "state": {
                                                        "Name": "minecraft:orange_terracotta"
                                                      }
                                                    },
                                                    "vegetation_feature": {
                                                      "type": "minecraft:tree",
                                                      "config": {
                                                        "ignore_vines": false,
                                                        "force_dirt": false,
                                                        "minimum_size": {
                                                          "type": "minecraft:two_layers_feature_size",
                                                          "min_clipped_height": 0,
                                                          "limit": 0,
                                                          "lower_size": 0,
                                                          "upper_size": 0
                                                        },
                                                        "dirt_provider": {
                                                          "type": "minecraft:simple_state_provider",
                                                          "state": {
                                                            "Name": "minecraft:orange_terracotta"
                                                          }
                                                        },
                                                        "sapling_provider": {
                                                          "type": "minecraft:simple_state_provider",
                                                          "state": {
                                                            "Name": "minecraft:orange_terracotta"
                                                          }
                                                        },
                                                        "trunk_provider": {
                                                          "type": "minecraft:simple_state_provider",
                                                          "state": {
                                                            "Name": "minecraft:orange_terracotta"
                                                          }
                                                        },
                                                        "foliage_provider": {
                                                          "type": "minecraft:simple_state_provider",
                                                          "state": {
                                                            "Name": "minecraft:orange_terracotta"
                                                          }
                                                        },
                                                        "trunk_placer": {
                                                          "type": "minecraft:bending_trunk_placer",
                                                          "base_height": 1,
                                                          "height_rand_a": 0,
                                                          "height_rand_b": 0,
                                                          "bend_length": 2,
                                                          "min_height_for_leaves": 1
                                                        },
                                                        "foliage_placer": {
                                                          "type": "minecraft:fancy_foliage_placer",
                                                          "radius": 3,
                                                          "offset": 1,
                                                          "height": 1
                                                        },
                                                        "decorators": []
                                                      }
                                                    }
                                                  }
                                                }
                                              }
                                            ],
                                            "default": {
                                              "type": "minecraft:tree",
                                              "config": {
                                                "ignore_vines": false,
                                                "force_dirt": false,
                                                "minimum_size": {
                                                  "type": "minecraft:two_layers_feature_size",
                                                  "min_clipped_height": 0,
                                                  "limit": 0,
                                                  "lower_size": 0,
                                                  "upper_size": 0
                                                },
                                                "dirt_provider": {
                                                  "type": "minecraft:simple_state_provider",
                                                  "state": {
                                                    "Name": "minecraft:terracotta"
                                                  }
                                                },
                                                "sapling_provider": {
                                                  "type": "minecraft:simple_state_provider",
                                                  "state": {
                                                    "Name": "minecraft:terracotta"
                                                  }
                                                },
                                                "trunk_provider": {
                                                  "type": "minecraft:simple_state_provider",
                                                  "state": {
                                                    "Name": "minecraft:terracotta"
                                                  }
                                                },
                                                "foliage_provider": {
                                                  "type": "minecraft:simple_state_provider",
                                                  "state": {
                                                    "Name": "minecraft:terracotta"
                                                  }
                                                },
                                                "trunk_placer": {
                                                  "type": "minecraft:straight_trunk_placer",
                                                  "base_height": 1,
                                                  "height_rand_a": 0,
                                                  "height_rand_b": 0
                                                },
                                                "foliage_placer": {
                                                  "type": "minecraft:fancy_foliage_placer",
                                                  "radius": 3,
                                                  "offset": 1,
                                                  "height": 1
                                                },
                                                "decorators": []
                                              }
                                            }
                                          }
                                        }
                                      }
                                    }
                                  },
                                  {
                                    "chance": 0.1,
                                    "feature": {
                                      "type": "minecraft:vegetation_patch",
                                      "config": {
                                        "surface": "floor",
                                        "depth": 2,
                                        "vertical_range": 1,
                                        "extra_bottom_block_chance": 0,
                                        "extra_edge_column_chance": 0.5,
                                        "vegetation_chance": 1,
                                        "xz_radius": {
                                          "type": "minecraft:uniform",
                                          "value": {
                                            "min_inclusive": 6,
                                            "max_inclusive": 8
                                          }
                                        },
                                        "replaceable": "terralith:badlands_pillar",
                                        "ground_state": {
                                          "type": "minecraft:simple_state_provider",
                                          "state": {
                                            "Name": "minecraft:orange_terracotta"
                                          }
                                        },
                                        "vegetation_feature": {
                                          "type": "minecraft:growing_plant",
                                          "config": {
                                            "direction": "up",
                                            "allow_water": false,
                                            "height_distribution": [
                                              {
                                                "weight": 1,
                                                "data": 1
                                              }
                                            ],
                                            "body_provider": {
                                              "type": "minecraft:simple_state_provider",
                                              "state": {
                                                "Name": "minecraft:orange_terracotta"
                                              }
                                            },
                                            "head_provider": {
                                              "type": "minecraft:simple_state_provider",
                                              "state": {
                                                "Name": "minecraft:orange_terracotta"
                                              }
                                            }
                                          }
                                        }
                                      }
                                    }
                                  },
                                  {
                                    "chance": 0.05,
                                    "feature": {
                                      "type": "minecraft:vegetation_patch",
                                      "config": {
                                        "surface": "floor",
                                        "depth": 3,
                                        "vertical_range": 1,
                                        "extra_bottom_block_chance": 0,
                                        "extra_edge_column_chance": 0.5,
                                        "vegetation_chance": 1,
                                        "xz_radius": {
                                          "type": "minecraft:uniform",
                                          "value": {
                                            "min_inclusive": 6,
                                            "max_inclusive": 8
                                          }
                                        },
                                        "replaceable": "terralith:badlands_pillar",
                                        "ground_state": {
                                          "type": "minecraft:simple_state_provider",
                                          "state": {
                                            "Name": "minecraft:orange_terracotta"
                                          }
                                        },
                                        "vegetation_feature": {
                                          "type": "minecraft:growing_plant",
                                          "config": {
                                            "direction": "up",
                                            "allow_water": false,
                                            "height_distribution": [
                                              {
                                                "weight": 1,
                                                "data": 1
                                              }
                                            ],
                                            "body_provider": {
                                              "type": "minecraft:simple_state_provider",
                                              "state": {
                                                "Name": "minecraft:orange_terracotta"
                                              }
                                            },
                                            "head_provider": {
                                              "type": "minecraft:simple_state_provider",
                                              "state": {
                                                "Name": "minecraft:orange_terracotta"
                                              }
                                            }
                                          }
                                        }
                                      }
                                    }
                                  },
                                  {
                                    "chance": 0.02,
                                    "feature": {
                                      "type": "minecraft:vegetation_patch",
                                      "config": {
                                        "surface": "floor",
                                        "depth": 2,
                                        "vertical_range": 1,
                                        "extra_bottom_block_chance": 0,
                                        "extra_edge_column_chance": 0.5,
                                        "vegetation_chance": 1,
                                        "xz_radius": {
                                          "type": "minecraft:uniform",
                                          "value": {
                                            "min_inclusive": 6,
                                            "max_inclusive": 8
                                          }
                                        },
                                        "replaceable": "terralith:badlands_pillar",
                                        "ground_state": {
                                          "type": "minecraft:simple_state_provider",
                                          "state": {
                                            "Name": "minecraft:yellow_terracotta"
                                          }
                                        },
                                        "vegetation_feature": {
                                          "type": "minecraft:growing_plant",
                                          "config": {
                                            "direction": "up",
                                            "allow_water": false,
                                            "height_distribution": [
                                              {
                                                "weight": 1,
                                                "data": 1
                                              }
                                            ],
                                            "body_provider": {
                                              "type": "minecraft:simple_state_provider",
                                              "state": {
                                                "Name": "minecraft:yellow_terracotta"
                                              }
                                            },
                                            "head_provider": {
                                              "type": "minecraft:simple_state_provider",
                                              "state": {
                                                "Name": "minecraft:yellow_terracotta"
                                              }
                                            }
                                          }
                                        }
                                      }
                                    }
                                  },
                                  {
                                    "chance": 0.01,
                                    "feature": {
                                      "type": "minecraft:vegetation_patch",
                                      "config": {
                                        "surface": "floor",
                                        "depth": 3,
                                        "vertical_range": 1,
                                        "extra_bottom_block_chance": 0,
                                        "extra_edge_column_chance": 0.5,
                                        "vegetation_chance": 1,
                                        "xz_radius": {
                                          "type": "minecraft:uniform",
                                          "value": {
                                            "min_inclusive": 6,
                                            "max_inclusive": 8
                                          }
                                        },
                                        "replaceable": "terralith:badlands_pillar",
                                        "ground_state": {
                                          "type": "minecraft:simple_state_provider",
                                          "state": {
                                            "Name": "minecraft:yellow_terracotta"
                                          }
                                        },
                                        "vegetation_feature": {
                                          "type": "minecraft:growing_plant",
                                          "config": {
                                            "direction": "up",
                                            "allow_water": false,
                                            "height_distribution": [
                                              {
                                                "weight": 1,
                                                "data": 1
                                              }
                                            ],
                                            "body_provider": {
                                              "type": "minecraft:simple_state_provider",
                                              "state": {
                                                "Name": "minecraft:yellow_terracotta"
                                              }
                                            },
                                            "head_provider": {
                                              "type": "minecraft:simple_state_provider",
                                              "state": {
                                                "Name": "minecraft:yellow_terracotta"
                                              }
                                            }
                                          }
                                        }
                                      }
                                    }
                                  },
                                  {
                                    "chance": 0.01,
                                    "feature": {
                                      "type": "minecraft:vegetation_patch",
                                      "config": {
                                        "surface": "floor",
                                        "depth": 2,
                                        "vertical_range": 1,
                                        "extra_bottom_block_chance": 0,
                                        "extra_edge_column_chance": 0.5,
                                        "vegetation_chance": 1,
                                        "xz_radius": {
                                          "type": "minecraft:uniform",
                                          "value": {
                                            "min_inclusive": 6,
                                            "max_inclusive": 8
                                          }
                                        },
                                        "replaceable": "terralith:badlands_pillar",
                                        "ground_state": {
                                          "type": "minecraft:simple_state_provider",
                                          "state": {
                                            "Name": "minecraft:red_terracotta"
                                          }
                                        },
                                        "vegetation_feature": {
                                          "type": "minecraft:growing_plant",
                                          "config": {
                                            "direction": "up",
                                            "allow_water": false,
                                            "height_distribution": [
                                              {
                                                "weight": 1,
                                                "data": 1
                                              }
                                            ],
                                            "body_provider": {
                                              "type": "minecraft:simple_state_provider",
                                              "state": {
                                                "Name": "minecraft:red_terracotta"
                                              }
                                            },
                                            "head_provider": {
                                              "type": "minecraft:simple_state_provider",
                                              "state": {
                                                "Name": "minecraft:red_terracotta"
                                              }
                                            }
                                          }
                                        }
                                      }
                                    }
                                  },
                                  {
                                    "chance": 0.03,
                                    "feature": {
                                      "type": "minecraft:vegetation_patch",
                                      "config": {
                                        "surface": "floor",
                                        "depth": 2,
                                        "vertical_range": 1,
                                        "extra_bottom_block_chance": 0,
                                        "extra_edge_column_chance": 0.5,
                                        "vegetation_chance": 1,
                                        "xz_radius": {
                                          "type": "minecraft:uniform",
                                          "value": {
                                            "min_inclusive": 6,
                                            "max_inclusive": 8
                                          }
                                        },
                                        "replaceable": "terralith:badlands_pillar",
                                        "ground_state": {
                                          "type": "minecraft:simple_state_provider",
                                          "state": {
                                            "Name": "minecraft:white_terracotta"
                                          }
                                        },
                                        "vegetation_feature": {
                                          "type": "minecraft:growing_plant",
                                          "config": {
                                            "direction": "up",
                                            "allow_water": false,
                                            "height_distribution": [
                                              {
                                                "weight": 1,
                                                "data": 1
                                              }
                                            ],
                                            "body_provider": {
                                              "type": "minecraft:simple_state_provider",
                                              "state": {
                                                "Name": "minecraft:white_terracotta"
                                              }
                                            },
                                            "head_provider": {
                                              "type": "minecraft:simple_state_provider",
                                              "state": {
                                                "Name": "minecraft:white_terracotta"
                                              }
                                            }
                                          }
                                        }
                                      }
                                    }
                                  }
                                ],
                                "default": {
                                  "type": "minecraft:vegetation_patch",
                                  "config": {
                                    "surface": "floor",
                                    "depth": 1,
                                    "vertical_range": 1,
                                    "extra_bottom_block_chance": 0,
                                    "extra_edge_column_chance": 0.5,
                                    "vegetation_chance": 1,
                                    "xz_radius": {
                                      "type": "minecraft:clamped",
                                      "value": {
                                        "min_inclusive": 0,
                                        "max_inclusive": 5,
                                        "source": {
                                          "type": "minecraft:uniform",
                                          "value": {
                                            "min_inclusive": 1,
                                            "max_inclusive": 14
                                          }
                                        }
                                      }
                                    },
                                    "replaceable": "terralith:badlands_pillar",
                                    "ground_state": {
                                      "type": "minecraft:simple_state_provider",
                                      "state": {
                                        "Name": "minecraft:terracotta"
                                      }
                                    },
                                    "vegetation_feature": {
                                      "type": "minecraft:growing_plant",
                                      "config": {
                                        "direction": "up",
                                        "allow_water": false,
                                        "height_distribution": [
                                          {
                                            "weight": 1,
                                            "data": 1
                                          }
                                        ],
                                        "body_provider": {
                                          "type": "minecraft:simple_state_provider",
                                          "state": {
                                            "Name": "minecraft:terracotta"
                                          }
                                        },
                                        "head_provider": {
                                          "type": "minecraft:simple_state_provider",
                                          "state": {
                                            "Name": "minecraft:terracotta"
                                          }
                                        }
                                      }
                                    }
                                  }
                                }
                              }
                            }
                          }
                        }
                      }
                    }
                  }
                }
              }
            }
          }
        }
      }
    }
  }
}
