{
  "type": "minecraft:tree",
  "config": {
    "ignore_vines": true,
    "force_dirt": true,
    "minimum_size": {
      "type": "minecraft:two_layers_feature_size",
      "limit": 2,
      "lower_size": 0,
      "upper_size": 2
    },
    "sapling_provider": {
                      "type": "minecraft:simple_state_provider",
                      "state": {
                        "Name": "minecraft:oak_sapling",
                        "Properties": {
                          "stage": "0"
                        }
                      }
                    },"dirt_provider": {
      "type": "minecraft:simple_state_provider",
      "state": {
        "Name": "minecraft:dirt"
      }
    },
    "trunk_provider": {
      "type": "minecraft:simple_state_provider",
      "state": {
        "Name": "minecraft:birch_log",
        "Properties": {
          "axis": "y"
        }
      }
    },
    "foliage_provider": {
      "type": "minecraft:simple_state_provider",
      "state": {
        "Name": "minecraft:birch_leaves",
        "Properties": {
          "persistent": "false",
          "distance": "7"
        }
      }
    },
    "trunk_placer": {
      "type": "minecraft:straight_trunk_placer",
      "base_height": 5,
      "height_rand_a": 2,
      "height_rand_b": 3
    },
    "foliage_placer": {
      "type": "minecraft:blob_foliage_placer",
      "radius": 3,
      "offset": 2,
      "height": 3
    },
    "decorators": [
              {
                "type": "minecraft:beehive",
                "probability": 0.003
              }
            ]
  }
}