{
  "type": "minecraft:decorated",
  "config": {
    "decorator": {
      "type": "minecraft:carving_mask",
      "config": {
        "step": "liquid"
      }
    },
    "feature": {
      "type": "minecraft:decorated",
      "config": {
        "decorator": {
          "type": "minecraft:chance",
          "config": {
            "chance": 8
          }
        },
        "feature": {
          "type": "minecraft:decorated",
          "config": {
            "decorator": {
              "type": "minecraft:count_noise_biased",
              "config": {
                "noise_to_count_ratio": 1,
                "noise_factor": 177,
                "noise_offset": 0.35
              }
            },
            "feature": {
              "type": "minecraft:ore",
              "config": {
                "size": 25,
                "discard_chance_on_air_exposure": 0,
                "targets": [
                  {
                    "target": {
                      "predicate_type": "minecraft:block_match",
                      "block": "minecraft:end_stone"
                    },
                    "state": {
                      "Name": "minecraft:smooth_basalt"
                    }
                  }
                ]
              }
            }
          }
        }
      }
    }
  }
}
