{
  "type": "minecraft:vegetation_patch",
  "config": {
    "surface": "floor",
    "depth": {
      "type": "minecraft:uniform",
      "value": {
        "min_inclusive": 6,
        "max_inclusive": 10
      }
    },
    "vertical_range": 10,
    "extra_bottom_block_chance": 0.15,
    "extra_edge_column_chance": 0.5,
    "vegetation_chance": 1,
    "xz_radius": {
      "type": "minecraft:biased_to_bottom",
      "value": {
        "min_inclusive": 0,
        "max_inclusive": 1
      }
    },
    "replaceable": "nullscape:amethyst_dx",
    "ground_state": {
      "type": "minecraft:weighted_state_provider",
      "entries": [
        {
          "weight": 500,
          "data": {
            "Name": "minecraft:amethyst_block"
          }
        },
        {
          "weight": 1,
          "data": {
            "Name": "minecraft:budding_amethyst"
          }
        }
      ]
    },
    "vegetation_feature": {
      "feature": {
        "type": "minecraft:random_selector",
        "config": {
          "features": [
            {
              "chance": 0.12,
              "feature": {
                "feature": {
                  "type": "minecraft:netherrack_replace_blobs",
                  "config": {
                    "state": {
                      "Name": "minecraft:air"
                    },
                    "target": {
                      "Name": "minecraft:budding_amethyst"
                    },
                    "radius": 0
                  }
                },
                "placement": []
              }
            },
            {
              "chance": 0.12,
              "feature": {
                "feature": {
                  "type": "minecraft:netherrack_replace_blobs",
                  "config": {
                    "state": {
                      "Name": "minecraft:air"
                    },
                    "target": {
                      "Name": "minecraft:amethyst_block"
                    },
                    "radius": 0
                  }
                },
                "placement": []
              }
            },
            {
              "chance": 0.125,
              "feature": {
                "feature": {
                  "type": "minecraft:ore",
                  "config": {
                    "size": 64,
                    "discard_chance_on_air_exposure": 0,
                    "targets": [
                      {
                        "target": {
                          "predicate_type": "minecraft:tag_match",
                          "tag": "nullscape:amethyst_cut"
                        },
                        "state": {
                          "Name": "minecraft:basalt",
                          "Properties": {
                            "axis": "y"
                          }
                        }
                      }
                    ]
                  }
                },
                "placement": []
              }
            },
            {
              "chance": 0.3,
              "feature": {
                "feature": {
                  "type": "minecraft:ore",
                  "config": {
                    "size": 48,
                    "discard_chance_on_air_exposure": 0,
                    "targets": [
                      {
                        "target": {
                          "predicate_type": "minecraft:tag_match",
                          "tag": "nullscape:amethyst_cut"
                        },
                        "state": {
                          "Name": "minecraft:smooth_basalt"
                        }
                      },
                      {
                        "target": {
                          "predicate_type": "minecraft:block_match",
                          "block": "minecraft:basalt"
                        },
                        "state": {
                          "Name": "minecraft:smooth_basalt"
                        }
                      }
                    ]
                  }
                },
                "placement": []
              }
            },
            {
              "chance": 0.3,
              "feature": {
                "feature": {
                  "type": "minecraft:ore",
                  "config": {
                    "size": 28,
                    "discard_chance_on_air_exposure": 0,
                    "targets": [
                      {
                        "target": {
                          "predicate_type": "minecraft:tag_match",
                          "tag": "nullscape:amethyst_cut"
                        },
                        "state": {
                          "Name": "minecraft:blackstone"
                        }
                      },
                      {
                        "target": {
                          "predicate_type": "minecraft:block_match",
                          "block": "minecraft:smooth_basalt"
                        },
                        "state": {
                          "Name": "minecraft:blackstone"
                        }
                      },
                      {
                        "target": {
                          "predicate_type": "minecraft:block_match",
                          "block": "minecraft:basalt"
                        },
                        "state": {
                          "Name": "minecraft:blackstone"
                        }
                      }
                    ]
                  }
                },
                "placement": []
              }
            }
          ],
          "default": {
            "feature": {
              "type": "minecraft:no_op",
              "config": {}
            },
            "placement": []
          }
        }
      },
      "placement": [
        {
          "type": "count",
          "count": 1
        }
      ]
    }
  }
}
