{
  "type": "minecraft:decorated",
  "config": {
    "decorator": {
      "type": "minecraft:count_extra",
      "config": {
        "count": 128,
        "extra_count": 250000,
        "extra_chance": 1
      }
    },
    "feature": {
      "type": "minecraft:decorated",
      "config": {
        "decorator": {
          "type": "minecraft:decorated",
          "config": {
            "outer": {
              "type": "minecraft:square",
              "config": {}
            },
            "inner": {
              "type": "minecraft:square",
              "config": {}
            }
          }
        },
        "feature": {
          "type": "minecraft:decorated",
          "config": {
            "decorator": {
              "type": "minecraft:range",
              "config": {
                "maximum": 215,
                "bottom_offset": 31,
                "top_offset": 0
              }
            },
            "feature": {
              "type": "minecraft:decorated",
              "config": {
                "decorator": {
                  "type": "minecraft:nope",
                  "config": {
                  }
                },
                "feature": {
                  "type": "minecraft:simple_block",
                  "config": {
                    "to_place": {
                      "Name": "minecraft:basalt",
                      "Properties":{
                        "axis":"y"
                      }
                    },
                    "place_on": [
                      {
                        "Name": "minecraft:air"
                      },
                      {
                        "Name": "minecraft:basalt",
                        "Properties":
                        {
                          "axis":"y"
                        }
                      }
                    ],
                    "place_in": [
                      {
                        "Name": "minecraft:netherrack"
                      }
                    ],
                    "place_under": [
                      {
                        "Name": "minecraft:netherrack"
                      }
                    ]
                  }
                }
              }
            }
          }
        }
      }
    }
  }
}