{
  "type": "minecraft:decorated",
  "config": {
    "decorator": {
      "type": "minecraft:count",
      "config": {
        "count": 40
      }
    },
    "feature": {
      "type": "minecraft:decorated",
      "config": {
        "decorator": {
          "type": "minecraft:count_multilayer",
          "config": {
            "count": 16
          }
        },
        "feature": {
          "type": "minecraft:decorated",
          "config": {
            "decorator": {
              "type": "minecraft:square",
              "config": {}
            },
            "feature": {
              "type": "minecraft:decorated",
              "config": {
                "decorator": {
                  "type": "minecraft:count_noise_biased",
                  "config": {
                    "noise_to_count_ratio": 46,
                    "noise_factor": 34,
                    "noise_offset": -0.5
                  }
                },
                "feature": {
                  "type": "minecraft:random_selector",
                  "config": {
                    "features": [
                      {
                        "chance": 0.05,
                        "feature": {
                          "type": "minecraft:netherrack_replace_blobs",
                          "config": {
                            "state": {
                              "Name": "minecraft:netherrack"
                            },
                            "target": {
                              "Name": "minecraft:warped_nylium"
                            },
                            "radius": 0
                          }
                        }
                      },
                      {
                        "chance": 0.05,
                        "feature": {
                          "type": "minecraft:netherrack_replace_blobs",
                          "config": {
                            "state": {
                              "Name": "minecraft:netherrack"
                            },
                            "target": {
                              "Name": "minecraft:crimson_nylium"
                            },
                            "radius": 0
                          }
                        }
                      }
                    ],
                    "default": {
                      "type": "minecraft:no_op",
                      "config": {}
                    }
                  }
                }
              }
            }
          }
        }
      }
    }
  }
}