{
  "type": "minecraft:decorated",
  "config": {
    "decorator": {
      "type": "minecraft:count_extra",
      "config": {
        "count": 128,
        "extra_count": 140000,
        "extra_chance": 1
      }
    },
    "feature": {
      "type": "minecraft:decorated",
      "config": {
        "decorator": {
          "type": "minecraft:decorated",
          "config": {
            "outer": {
              "type": "minecraft:square",
              "config": {}
            },
            "inner": {
              "type": "minecraft:square",
              "config": {}
            }
          }
        },
        "feature": {
          "type": "minecraft:decorated",
          "config": {
            "decorator": {
              "type": "minecraft:range",
              "config": {
                "maximum": 215,
                "bottom_offset": 31,
                "top_offset": 0
              }
            },
            "feature": {
              "type": "minecraft:decorated",
              "config": {
                "decorator": {
                  "type": "minecraft:count_noise_biased",
                  "config": {
                    "noise_to_count_ratio": -1,
                    "noise_factor": 35,
                    "noise_offset": 0
                  }
                },
                "feature": {
                  "type": "minecraft:simple_block",
                  "config": {
                    "to_place": {
                      "Name": "minecraft:soul_soil"
                    },
                    "place_on": [
                      {
                        "Name": "minecraft:air"
                      }
                    ],
                    "place_in": [
                      {
                        "Name": "minecraft:netherrack"
                      }
                    ],
                    "place_under": [
                      {
                        "Name": "minecraft:netherrack"
                      }
                    ]
                  }
                }
              }
            }
          }
        }
      }
    }
  }
}