{
  "type": "minecraft:nullscape",
  "generator": {
    "type": "minecraft:noise",
    "seed": 0,
    "settings": "minecraft:nullscape",
    "biome_source": {
      "type": "minecraft:multi_noise",
      "seed": 999,
      "altitude_noise": {
        "firstOctave": -8,
        "amplitudes": [
          1,
          1,
          1,
          1,
          1,
          1,
          1,
          1
        ]
      },
      "temperature_noise": {
        "firstOctave": -8,
        "amplitudes": [
          1,
          1,
          1,
          1,
          1,
          1,
          1
        ]
      },
      "humidity_noise": {
        "firstOctave": -8,
        "amplitudes": [
          1,
          1,
          1,
          1,
          1,
          1,
          1,
          1
        ]
      },
      "weirdness_noise": {
        "firstOctave": -8,
        "amplitudes": [
          1,
          1,
          1,
          1,
          1,
          1,
          1,
          1
        ]
      },
      "biomes": [
        {
          "biome": "nullscape:void",
          "parameters": {
            "altitude": 0.0,
            "temperature": 0,
            "humidity": 0,
            "weirdness": 0,
            "offset": 0.4
          }
        },
        {
          "biome": "nullscape:chorus_grove",
          "parameters": {
            "altitude": 0.5,
            "temperature": 0,
            "humidity": 0,
            "weirdness": 0,
            "offset": 0.4
          }
        },
        {
          "biome": "nullscape:infested_highlands",
          "parameters": {
            "altitude": 0.75,
            "temperature": 0,
            "humidity": 0,
            "weirdness": 0.0,
            "offset": 0.4
          }
        },
        {
          "biome": "nullscape:voltaic_wastes",
          "parameters": {
            "altitude": 0,
            "temperature": -0.5,
            "humidity": 0,
            "weirdness": 0,
            "offset": 0.365
          }
        },
        {
          "biome": "nullscape:barren_heights",
          "parameters": {
            "altitude": 0,
            "temperature": 0.5,
            "humidity": 0,
            "weirdness": 0,
            "offset": 0.4
          }
        },
        {
          "biome": "nullscape:desolate_end",
          "parameters": {
            "altitude": 0,
            "temperature": 0.5,
            "humidity": -0.5,
            "weirdness": 0,
            "offset": 0.3
          }
        },
        {
          "biome": "nullscape:asteroid_fields",
          "parameters": {
            "altitude": -0.5,
            "temperature": 0,
            "humidity": 0,
            "weirdness": 0,
            "offset": 0.4
          }
        },
        {
          "biome": "nullscape:riftspace",
          "parameters": {
            "altitude": 0.5,
            "temperature": 0.5,
            "humidity": 0.0,
            "weirdness": 0,
            "offset": 0.3
          }
        },
        {
          "biome": "nullscape:tar_bog",
          "parameters": {
            "altitude": -0.5,
            "temperature": -0.5,
            "humidity": 0.0,
            "weirdness": 0,
            "offset": 0.3
          }
        },
        {
          "biome": "nullscape:shadowlands",
          "parameters": {
            "altitude": 0.0,
            "temperature": 0,
            "humidity": 0.5,
            "weirdness": 0,
            "offset": 0.4
          }
        },
        {
          "biome": "nullscape:chorus_heights",
          "parameters": {
            "altitude": 0.0,
            "temperature": 0,
            "humidity": 0,
            "weirdness": 0.5,
            "offset": 0.4
          }
        },
        {
          "biome": "nullscape:crystalline_void",
          "parameters": {
            "altitude": 0.0,
            "temperature": 0,
            "humidity": 0,
            "weirdness": -0.5,
            "offset": 0.4
          }
        },
        {
          "biome": "nullscape:draconic_boneyard",
          "parameters": {
            "altitude": 0.0,
            "temperature": 0,
            "humidity": 0.5,
            "weirdness": 0.5,
            "offset": 0.3
          }
        }
      ]
    }
  }
}
