{
  "type": "minecraft:decorated",
  "config": {
    "decorator": {
      "type": "minecraft:count_extra",
      "config": {
        "count": 4000,
        "extra_count": 0,
        "extra_chance": 0
      }
    },
    "feature": {
      "type": "minecraft:decorated",
      "config": {
        "decorator": {
          "type": "minecraft:decorated",
          "config": {
            "outer": {
              "type": "minecraft:decorated",
              "config": {
                "outer": {
                  "type": "minecraft:square",
                  "config": {}
                },
                "inner": {
                  "type": "minecraft:decorated",
                  "config": {
                    "outer": {
                      "type": "minecraft:count_noise_biased",
                      "config": {
                        "noise_to_count_ratio": 1,
                        "noise_factor": 75,
                        "noise_offset": 0.09
                      }
                    },
                    "inner": {
                      "type": "minecraft:count_noise_biased",
                      "config": {
                        "noise_to_count_ratio": -1,
                        "noise_factor": 75,
                        "noise_offset": -0.09
                      }
                    }
                  }
                }
              }
            },
            "inner": {
              "type": "minecraft:range",
              "config": {
                "height": {
                  "type": "minecraft:uniform",
                  "min_inclusive": {
                    "above_bottom": 1
                  },
                  "max_inclusive": {
                    "below_top": 1
                  }
                }
              }
            }
          }
        },
        "feature": {
          "type": "minecraft:decorated",
          "config": {
            "decorator": {
              "type": "minecraft:decorated",
              "config": {
                "outer": {
                  "type": "minecraft:cave_surface",
                  "config": {
                    "surface": "floor",
                    "floor_to_ceiling_search_range": 80
                  }
                },
                "inner": {
                  "type": "minecraft:chance",
                  "config": {
                    "chance": 1
                  }
                }
              }
            },
            "feature": {
              "type": "minecraft:random_selector",
              "config": {
                "features": [
                  {
                    "chance": 0.94,
                    "feature": {
                      "type": "minecraft:ore",
                      "config": {
                        "size": 55,
                        "discard_chance_on_air_exposure": 0,
                        "targets": [
                          {
                            "target": {
                              "predicate_type": "minecraft:random_block_match",
                              "block": "minecraft:end_stone",
                              "probability": 0.015
                            },
                            "state": {
                              "Name": "minecraft:blackstone"
                            }
                          }
                        ]
                      }
                    }
                  },
                  {
                    "chance": 0.055,
                    "feature": {
                      "type": "minecraft:tree",
                      "config": {
                        "ignore_vines": false,
                        "force_dirt": false,
                        "minimum_size": {
                          "type": "minecraft:two_layers_feature_size"
                        },
                        "dirt_provider": {
                          "type": "minecraft:simple_state_provider",
                          "state": {
                            "Name": "minecraft:glowstone"
                          }
                        },
                        "sapling_provider": {
                          "type": "minecraft:simple_state_provider",
                          "state": {
                            "Name": "minecraft:stone"
                          }
                        },
                        "trunk_provider": {
                          "type": "minecraft:simple_state_provider",
                          "state": {
                            "Name": "minecraft:glowstone"
                          }
                        },
                        "foliage_provider": {
                          "type": "minecraft:simple_state_provider",
                          "state": {
                            "Name": "minecraft:blackstone"
                          }
                        },
                        "trunk_placer": {
                          "type": "minecraft:straight_trunk_placer",
                          "base_height": 4,
                          "height_rand_a": 0,
                          "height_rand_b": 0
                        },
                        "foliage_placer": {
                          "type": "minecraft:bush_foliage_placer",
                          "radius": {
                            "type": "minecraft:uniform",
                            "value": {
                              "min_inclusive": 0,
                              "max_inclusive": 0
                            }
                          },
                          "offset": 0,
                          "height": 6
                        },
                        "decorators": []
                      }
                    }
                  },
                  {
                    "chance": 0.001,
                    "feature": {
                      "type": "minecraft:tree",
                      "config": {
                        "ignore_vines": false,
                        "force_dirt": false,
                        "minimum_size": {
                          "type": "minecraft:two_layers_feature_size"
                        },
                        "dirt_provider": {
                          "type": "minecraft:simple_state_provider",
                          "state": {
                            "Name": "minecraft:glowstone"
                          }
                        },
                        "sapling_provider": {
                          "type": "minecraft:simple_state_provider",
                          "state": {
                            "Name": "minecraft:stone"
                          }
                        },
                        "trunk_provider": {
                          "type": "minecraft:simple_state_provider",
                          "state": {
                            "Name": "minecraft:glowstone"
                          }
                        },
                        "foliage_provider": {
                          "type": "minecraft:simple_state_provider",
                          "state": {
                            "Name": "minecraft:blackstone"
                          }
                        },
                        "trunk_placer": {
                          "type": "minecraft:giant_trunk_placer",
                          "base_height": 4,
                          "height_rand_a": 0,
                          "height_rand_b": 0
                        },
                        "foliage_placer": {
                          "type": "minecraft:bush_foliage_placer",
                          "radius": {
                            "type": "minecraft:uniform",
                            "value": {
                              "min_inclusive": 0,
                              "max_inclusive": 0
                            }
                          },
                          "offset": 0,
                          "height": 6
                        },
                        "decorators": []
                      }
                    }
                  }
                ],
                "default": {
                  "type": "minecraft:no_op",
                  "config": {}
                }
              }
            }
          }
        }
      }
    }
  }
}
