{
  "type": "minecraft:decorated",
  "config": {
    "decorator": {
      "type": "minecraft:count_extra",
      "config": {
        "count": 4000,
        "extra_count": 0,
        "extra_chance": 0
      }
    },
    "feature": {
      "type": "minecraft:decorated",
      "config": {
        "decorator": {
          "type": "minecraft:decorated",
          "config": {
            "outer": {
              "type": "minecraft:decorated",
              "config": {
                "outer": {
                  "type": "minecraft:square",
                  "config": {}
                },
                "inner": {
                  "type": "minecraft:decorated",
                  "config": {
                    "outer": {
                      "type": "minecraft:count_noise_biased",
                      "config": {
                        "noise_to_count_ratio": 1,
                        "noise_factor": 45,
                        "noise_offset": 0.135
                      }
                    },
                    "inner": {
                      "type": "minecraft:count_noise_biased",
                      "config": {
                        "noise_to_count_ratio": -1,
                        "noise_factor": 45,
                        "noise_offset": -0.135
                      }
                    }
                  }
                }
              }
            },
            "inner": {
              "type": "minecraft:range",
              "config": {
                "height": {
                  "type": "minecraft:uniform",
                  "min_inclusive": {
                    "above_bottom": 1
                  },
                  "max_inclusive": {
                    "below_top": 1
                  }
                }
              }
            }
          }
        },
        "feature": {
          "type": "minecraft:decorated",
          "config": {
            "decorator": {
              "type": "minecraft:decorated",
              "config": {
                "outer": {
                  "type": "minecraft:cave_surface",
                  "config": {
                    "surface": "floor",
                    "floor_to_ceiling_search_range": 80
                  }
                },
                "inner": {
                  "type": "minecraft:chance",
                  "config": {
                    "chance": 1
                  }
                }
              }
            },
            "feature": {
              "type": "minecraft:random_selector",
              "config": {
                "features": [
                  {
                    "chance": 0.9935,
                    "feature": {
                      "type": "minecraft:ore",
                      "config": {
                        "size": 39,
                        "discard_chance_on_air_exposure": 0,
                        "targets": [
                          {
                            "target": {
                              "predicate_type": "minecraft:random_block_match",
                              "block": "minecraft:end_stone",
                              "probability": 0.15
                            },
                            "state": {
                              "Name": "minecraft:blackstone"
                            }
                          }
                        ]
                      }
                    }
                  },
                  {
                    "chance": 0.004,
                    "feature": {
                      "type": "minecraft:decorated",
                      "config": {
                        "decorator": {
                          "type": "minecraft:count",
                          "config": {
                            "count": 16
                          }
                        },
                        "feature": {
                          "type": "minecraft:random_selector",
                          "config": {
                            "features": [
                              {
                                "chance": 0.2,
                                "feature": {
                                  "type": "minecraft:vegetation_patch",
                                  "config": {
                                    "surface": "floor",
                                    "depth": {
                                      "type": "minecraft:uniform",
                                      "value": {
                                        "min_inclusive": 1,
                                        "max_inclusive": 3
                                      }
                                    },
                                    "vertical_range": 1,
                                    "extra_bottom_block_chance": 0,
                                    "extra_edge_column_chance": 0,
                                    "vegetation_chance": 0,
                                    "xz_radius": {
                                      "type": "minecraft:uniform",
                                      "value": {
                                        "min_inclusive": 1,
                                        "max_inclusive": 3
                                      }
                                    },
                                    "replaceable": "nullscape:end_stone",
                                    "ground_state": {
                                      "type": "minecraft:weighted_state_provider",
                                      "entries": [
                                        {
                                          "weight": 2,
                                          "data": {
                                            "Name": "minecraft:blackstone"
                                          }
                                        },
                                        {
                                          "weight": 1,
                                          "data": {
                                            "Name": "minecraft:end_stone"
                                          }
                                        }
                                      ]
                                    },
                                    "vegetation_feature": {
                                      "type": "minecraft:no_op",
                                      "config": {}
                                    }
                                  }
                                }
                              }
                            ],
                            "default": {
                              "type": "minecraft:decorated",
                              "config": {
                                "decorator": {
                                  "type": "minecraft:spread_32_above",
                                  "config": {}
                                },
                                "feature": {
                                  "type": "minecraft:netherrack_replace_blobs",
                                  "config": {
                                    "state": {
                                      "Name": "minecraft:glowstone"
                                    },
                                    "target": {
                                      "Name": "minecraft:blackstone"
                                    },
                                    "radius": 0
                                  }
                                }
                              }
                            }
                          }
                        }
                      }
                    }
                  }
                ],
                "default": {
                  "type": "minecraft:no_op",
                  "config": {}
                }
              }
            }
          }
        }
      }
    }
  }
}
