{
  "type": "minecraft:decorated",
  "config": {
    "decorator": {
      "type": "minecraft:count_extra",
      "config": {
        "count": 2200,
        "extra_count": 0,
        "extra_chance": 0
      }
    },
    "feature": {
      "type": "minecraft:decorated",
      "config": {
        "decorator": {
          "type": "minecraft:decorated",
          "config": {
            "outer": {
              "type": "minecraft:decorated",
              "config": {
                "outer": {
                  "type": "minecraft:square",
                  "config": {}
                },
                "inner": {
                  "type": "minecraft:nope",
                  "config": {}
                }
              }
            },
            "inner": {
              "type": "minecraft:range",
              "config": {
                "height": {
                  "type": "minecraft:uniform",
                  "min_inclusive": {
                    "above_bottom": 1
                  },
                  "max_inclusive": {
                    "below_top": 1
                  }
                }
              }
            }
          }
        },
        "feature": {
          "type": "minecraft:decorated",
          "config": {
            "decorator": {
              "type": "minecraft:decorated",
              "config": {
                "outer": {
                  "type": "minecraft:cave_surface",
                  "config": {
                    "surface": "floor",
                    "floor_to_ceiling_search_range": 80
                  }
                },
                "inner": {
                  "type": "minecraft:chance",
                  "config": {
                    "chance": 1
                  }
                }
              }
            },
            "feature": {
              "type": "minecraft:vegetation_patch",
              "config": {
                "surface": "floor",
                "depth": {
                  "type": "minecraft:uniform",
                  "value": {
                    "min_inclusive": 1,
                    "max_inclusive": 1
                  }
                },
                "vertical_range": 128,
                "extra_bottom_block_chance": 0.5,
                "extra_edge_column_chance": 0,
                "vegetation_chance": 1,
                "xz_radius": {
                  "type": "minecraft:uniform",
                  "value": {
                    "min_inclusive": 0,
                    "max_inclusive": 0
                  }
                },
                "replaceable": "nullscape:glowstone",
                "ground_state": {
                  "type": "minecraft:simple_state_provider",
                  "state": {
                    "Name": "minecraft:glowstone"
                  }
                },
                "vegetation_feature": {
                  "type": "minecraft:tree",
                  "config": {
                    "ignore_vines": false,
                    "force_dirt": true,
                    "minimum_size": {
                      "type": "minecraft:two_layers_feature_size"
                    },
                    "dirt_provider": {
                      "type": "minecraft:simple_state_provider",
                      "state": {
                        "Name": "minecraft:glowstone"
                      }
                    },
                    "sapling_provider": {
                      "type": "minecraft:simple_state_provider",
                      "state": {
                        "Name": "minecraft:stone"
                      }
                    },
                    "trunk_provider": {
                      "type": "minecraft:simple_state_provider",
                      "state": {
                        "Name": "minecraft:glowstone"
                      }
                    },
                    "foliage_provider": {
                      "type": "minecraft:simple_state_provider",
                      "state": {
                        "Name": "minecraft:glowstone"
                      }
                    },
                    "trunk_placer": {
                      "type": "minecraft:forking_trunk_placer",
                      "base_height": 2,
                      "height_rand_a": 1,
                      "height_rand_b": 2
                    },
                    "foliage_placer": {
                      "type": "minecraft:pine_foliage_placer",
                      "radius": 0,
                      "offset": 0,
                      "height": 0
                    },
                    "decorators": []
                  }
                }
              }
            }
          }
        }
      }
    }
  }
}
