{
  "type": "minecraft:decorated",
  "config": {
    "decorator": {
      "type": "minecraft:count_extra",
      "config": {
        "count": 128,
        "extra_count": 128,
        "extra_chance": 1
      }
    },
    "feature": {
      "type": "minecraft:random_selector",
      "config": {
        "features": [
          {
            "chance": 0.0,
            "feature": {
              "type": "minecraft:decorated",
              "config": {
                "decorator": {
                  "type": "minecraft:spread_32_above",
                  "config": {}
                },
                "feature": {
                  "type": "minecraft:random_patch",
                  "config": {
                    "can_replace": false,
                    "project": true,
                    "need_water": false,
                    "xspread": 1,
                    "yspread": 128,
                    "zspread": 1,
                    "tries": 8,
                    "state_provider": {
                      "type": "minecraft:simple_state_provider",
                      "state": {
                        "Name": "minecraft:basalt",
                        "Properties": {
                          "axis": "y"
                        }
                      }
                    },
                    "block_placer": {
                      "type": "minecraft:simple_block_placer"
                    },
                    "whitelist": [
                      {
                        "Name": "minecraft:air"
                      }
                    ],
                    "blacklist": []
                  }
                }
              }
            }
          },
          {
            "chance": 0.05,
            "feature": {
              "type": "minecraft:random_patch",
              "config": {
                "can_replace": false,
                "project": false,
                "need_water": false,
                "xspread": 0,
                "yspread": 1,
                "zspread": 1,
                "tries": 24,
                "state_provider": {
                  "type": "minecraft:simple_state_provider",
                  "state": {
                    "Name": "minecraft:basalt",
                    "Properties": {
                      "axis": "y"
                    }
                  }
                },
                "block_placer": {
                  "type": "minecraft:column_placer",
                  "min_size": 1,
                  "extra_size": 10
                },
                "whitelist": [],
                "blacklist": []
              }
            }
          },
          {
            "chance": 0.05,
            "feature": {
              "type": "minecraft:random_patch",
              "config": {
                "can_replace": false,
                "project": false,
                "need_water": false,
                "xspread": 1,
                "yspread": 1,
                "zspread": 0,
                "tries": 24,
                "state_provider": {
                  "type": "minecraft:simple_state_provider",
                  "state": {
                    "Name": "minecraft:basalt",
                    "Properties": {
                      "axis": "y"
                    }
                  }
                },
                "block_placer": {
                  "type": "minecraft:column_placer",
                  "min_size": 1,
                  "extra_size": 10
                },
                "whitelist": [],
                "blacklist": []
              }
            }
          },
          {
            "chance": 0.75,
            "feature": {
              "type": "minecraft:random_patch",
              "config": {
                "can_replace": false,
                "project": false,
                "need_water": false,
                "xspread": 0,
                "yspread": 255,
                "zspread": 0,
                "tries": 512,
                "state_provider": {
                  "type": "minecraft:simple_state_provider",
                  "state": {
                    "Name": "minecraft:basalt",
                    "Properties": {
                      "axis": "y"
                    }
                  }
                },
                "block_placer": {
                  "type": "minecraft:simple_block_placer"
                },
                "whitelist": [
                  {
                    "Name": "minecraft:basalt",
                    "Properties": {
                      "axis": "y"
                    }
                  }
                ],
                "blacklist": []
              }
            }
          }
        ],
        "default": {
          "type": "minecraft:random_patch",
          "config": {
            "can_replace": false,
            "project": false,
            "need_water": false,
            "xspread": 2,
            "yspread": 2,
            "zspread": 2,
            "tries": 5,
            "state_provider": {
              "type": "minecraft:simple_state_provider",
              "state": {
                "Name": "minecraft:basalt",
                "Properties": {
                  "axis": "y"
                }
              }
            },
            "block_placer": {
              "type": "minecraft:simple_block_placer"
            },
            "whitelist": [
              {
                "Name": "minecraft:soul_soil"
              },
              {
                "Name": "minecraft:soul_sand"
              },
              {
                "Name": "minecraft:netherrack"
              },
              {
                "Name": "minecraft:lava",
                "Properties": {
                  "level": "0"
                }
              }
            ],
            "blacklist": []
          }
        }
      }
    }
  }
}