{
  "config": {
    "feature": {
      "config": {
        "feature": {
          "config": {
            "feature": {
              "config": {
                "target": {
                  "block": "minecraft:netherrack",
                  "predicate_type": "minecraft:block_match"
                },
                "state": {
                  "Name": "minecraft:soul_sand"
                },
                "size": 33
              },
              "type": "minecraft:ore"
            },
            "decorator": {
              "config": {
                "baseline": 31,
                "spread": 10
              },
              "type": "minecraft:depth_average"
            }
          },
          "type": "minecraft:decorated"
        },
        "decorator": {
          "config": {},
          "type": "minecraft:square"
        }
      },
      "type": "minecraft:decorated"
    },
    "decorator": {
      "config": {
        "count": 8
      },
      "type": "minecraft:count"
    }
  },
  "type": "minecraft:decorated"
}