{
  "type": "minecraft:vegetation_patch",
  "config": {
    "surface": "floor",
    "depth": 1,
    "vertical_range": 4,
    "extra_bottom_block_chance": 0,
    "extra_edge_column_chance": 0.5,
    "vegetation_chance": 0.25,
    "xz_radius": 0,
    "replaceable": "nullscape:end_stone",
    "ground_state": {
      "type": "minecraft:simple_state_provider",
      "state": {
        "Name": "minecraft:smooth_basalt"
      }
    },
    "vegetation_feature": {
      "feature": {
        "type": "minecraft:block_column",
        "config": {
          "direction": "up",
          "allowed_placement": {
            "type": "minecraft:matching_blocks",
            "blocks": [
              "minecraft:air"
            ]
          },
          "prioritize_tip": true,
          "layers": [
            {
              "height": {
                "type": "minecraft:weighted_list",
                "distribution": [
                  {
                    "weight": 1,
                    "data": 0
                  }
                ]
              },
              "provider": {
                "type": "minecraft:simple_state_provider",
                "state": {
                  "Name": "minecraft:smooth_basalt"
                }
              }
            },
            {
              "height": 1,
              "provider": {
                "type": "minecraft:weighted_state_provider",
                "entries": [
                  {
                    "weight": 2000,
                    "data": {
                      "Name": "minecraft:smooth_basalt"
                    }
                  },
                  {
                    "weight": 1,
                    "data": {
                      "Name": "minecraft:soul_fire"
                    }
                  }
                ]
              }
            }
          ]
        }
      },
      "placement": []
    }
  }
}
