{
  "bedrock_roof_position": 0,
  "bedrock_floor_position": 0,
  "sea_level": 32,
  "disable_mob_generation": false,
  "structures": {
    "structures": {
      "minecraft:jungle_pyramid": {
        "spacing": 32,
        "separation": 8,
        "salt": 14357619
      },
      "minecraft:nether_fossil": {
        "spacing": 2,
        "separation": 1,
        "salt": 14357921
      },
      "minecraft:stronghold": {
        "spacing": 1,
        "separation": 0,
        "salt": 0
      },
      "minecraft:shipwreck": {
        "spacing": 24,
        "separation": 4,
        "salt": 165745295
      },
      "minecraft:monument": {
        "spacing": 32,
        "separation": 5,
        "salt": 10387313
      },
      "minecraft:endcity": {
        "spacing": 20,
        "separation": 11,
        "salt": 10387313
      },
      "minecraft:swamp_hut": {
        "spacing": 32,
        "separation": 8,
        "salt": 14357620
      },
      "minecraft:bastion_remnant": {
        "spacing": 13,
        "separation": 7,
        "salt": 44224422
      },
      "minecraft:desert_pyramid": {
        "spacing": 32,
        "separation": 8,
        "salt": 14357617
      },
      "minecraft:igloo": {
        "spacing": 32,
        "separation": 8,
        "salt": 14357618
      },
      "minecraft:pillager_outpost": {
        "spacing": 32,
        "separation": 8,
        "salt": 165745296
      },
      "minecraft:mansion": {
        "spacing": 80,
        "separation": 20,
        "salt": 10387319
      },
      "minecraft:mineshaft": {
        "spacing": 1,
        "separation": 0,
        "salt": 0
      },
      "minecraft:ocean_ruin": {
        "spacing": 20,
        "separation": 8,
        "salt": 14357621
      },
      "minecraft:fortress": {
        "spacing": 27,
        "separation": 4,
        "salt": 30084232
      },
      "minecraft:village": {
        "spacing": 13,
        "separation": 7,
        "salt": 9999999999
      },
      "minecraft:buried_treasure": {
        "spacing": 1,
        "separation": 0,
        "salt": 0
      },
      "minecraft:ruined_portal": {
        "spacing": 25,
        "separation": 10,
        "salt": 34222645
      }
    }
  },
  "noise": {
    "bottom_slide": {
      "target": 2.5,
      "size": 4,
      "offset": -1
    },
    "size_horizontal": 1,
    "size_vertical": 2,
    "height": 128,
    "sampling": {
      "xz_scale": 1,
      "y_scale": 3,
      "xz_factor": 80,
      "y_factor": 60
    },
    "top_slide": {
      "target": 0.9375,
      "size": 3,
      "offset": 0
    },
    "min_y": 0,
    "terrain_shaper": {
      "offset": 0,
      "factor": 0,
      "jaggedness": 0
    }
  },
  "default_block": {
    "Name": "minecraft:netherrack"
  },
  "default_fluid": {
    "Properties": {
      "level": "0"
    },
    "Name": "minecraft:lava"
  },
  "noise_caves_enabled": false,
  "noodle_caves_enabled": false,
  "aquifers_enabled": false,
  "deepslate_enabled": false,
  "ore_veins_enabled": false,
  "legacy_random_source": false,
  "surface_rule": {
    "type": "minecraft:sequence",
    "sequence": [
      {
        "type": "minecraft:condition",
        "if_true": {
          "type": "minecraft:vertical_gradient",
          "random_name": "minecraft:bedrock_floor",
          "true_at_and_below": {
            "above_bottom": 5
          },
          "false_at_and_above": {
            "above_bottom": 0
          }
        },
        "then_run": {
          "type": "minecraft:block",
          "result_state": {
            "Name": "minecraft:bedrock"
          }
        }
      },
      {
        "type": "minecraft:condition",
        "if_true": {
          "type": "minecraft:not",
          "invert": {
            "type": "minecraft:vertical_gradient",
            "random_name": "minecraft:bedrock_roof",
            "true_at_and_below": {
              "below_top": 5
            },
            "false_at_and_above": {
              "below_top": 0
            }
          }
        },
        "then_run": {
          "type": "minecraft:block",
          "result_state": {
            "Name": "minecraft:bedrock"
          }
        }
      }
    ]
  }
}
