{
  "type": "minecraft:decorated",
  "config": {
    "decorator": {
      "type": "minecraft:count_extra",
      "config": {
        "count": 7000,
        "extra_count": 0,
        "extra_chance": 0
      }
    },
    "feature": {
      "type": "minecraft:decorated",
      "config": {
        "decorator": {
          "type": "minecraft:decorated",
          "config": {
            "outer": {
              "type": "minecraft:square",
              "config": {}
            },
            "inner": {
              "type": "minecraft:range",
              "config": {
                "height": {
                  "type": "minecraft:uniform",
                  "min_inclusive": {
                    "above_bottom": 0
                  },
                  "max_inclusive": {
                    "below_top": 0
                  }
                }
              }
            }
          }
        },
        "feature": {
          "type": "minecraft:decorated",
          "config": {
            "decorator": {
              "type": "minecraft:cave_surface",
              "config": {
                "surface": "floor",
                "floor_to_ceiling_search_range": 50
              }
            },
            "feature": {
              "type": "minecraft:random_patch",
              "config": {
                "can_replace": false,
                "project": false,
                "need_water": false,
                "xspread": 4,
                "yspread": 2,
                "zspread": 4,
                "tries": 1,
                "state_provider": {
                  "type": "minecraft:simple_state_provider",
                  "state": {
                    "Name": "minecraft:blackstone"
                  }
                },
                "block_placer": {
                  "type": "minecraft:simple_block_placer"
                },
                "whitelist": [
                  {
                    "Name": "minecraft:blackstone"
                  }
                ],
                "blacklist": []
              }
            }
          }
        }
      }
    }
  }
}
