{
  "type": "minecraft:decorated",
  "config": {
    "decorator": {
      "type": "minecraft:count_extra",
      "config": {
        "count": 250,
        "extra_count": 0,
        "extra_chance": 0
      }
    },
    "feature": {
      "type": "minecraft:decorated",
      "config": {
        "decorator": {
          "type": "minecraft:decorated",
          "config": {
            "outer": {
              "type": "minecraft:square",
              "config": {}
            },
            "inner": {
              "type": "minecraft:range",
              "config": {
                "height": {
                  "type": "minecraft:uniform",
                  "min_inclusive": {
                    "above_bottom": 0
                  },
                  "max_inclusive": {
                    "below_top": 0
                  }
                }
              }
            }
          }
        },
        "feature": {
          "type": "minecraft:decorated",
          "config": {
            "decorator": {
              "type": "minecraft:cave_surface",
              "config": {
                "surface": "floor",
                "floor_to_ceiling_search_range": 50
              }
            },
            "feature": {
              "type": "minecraft:decorated",
              "config": {
                "decorator": {
                  "type": "minecraft:count_noise_biased",
                  "config": {
                    "noise_to_count_ratio": 10,
                    "noise_factor": 226,
                    "noise_offset": 0.25
                  }
                },
                "feature": {
                  "type": "minecraft:decorated",
                  "config": {
                    "decorator": {
                      "type": "minecraft:chance",
                      "config": {
                        "chance": 100
                      }
                    },
                    "feature": {
                      "type": "minecraft:vegetation_patch",
                      "config": {
                        "surface": "floor",
                        "depth": 1,
                        "vertical_range": 1,
                        "extra_bottom_block_chance": 0,
                        "extra_edge_column_chance": 0,
                        "vegetation_chance": 1,
                        "xz_radius": 0,
                        "replaceable": "nullscape:coral",
                        "ground_state": {
                          "type": "minecraft:simple_state_provider",
                          "state": {
                            "Name": "minecraft:dead_fire_coral_block"
                          }
                        },
                        "vegetation_feature": "nullscape:shadow/bone_tree"
                      }
                    }
                  }
                }
              }
            }
          }
        }
      }
    }
  }
}
