{
  "type": "minecraft:decorated",
  "config": {
    "decorator": {
      "type": "minecraft:count_extra",
      "config": {
        "count": 1150,
        "extra_count": 0,
        "extra_chance": 0
      }
    },
    "feature": {
      "type": "minecraft:decorated",
      "config": {
        "decorator": {
          "type": "minecraft:square",
          "config": {}
        },
        "feature": {
          "type": "minecraft:decorated",
          "config": {
            "decorator": {
              "type": "minecraft:range",
              "config": {
                "height": {
                  "type": "minecraft:uniform",
                  "min_inclusive": {
                    "above_bottom": 0
                  },
                  "max_inclusive": {
                    "below_top": 0
                  }
                }
              }
            },
            "feature": {
              "type": "minecraft:random_selector",
              "config": {
                "features": [
                  {
                    "chance": 0.7,
                    "feature": {
                      "type": "minecraft:vegetation_patch",
                      "config": {
                        "surface": "floor",
                        "depth": {
                          "type": "minecraft:uniform",
                          "value": {
                            "min_inclusive": 10,
                            "max_inclusive": 17
                          }
                        },
                        "vertical_range": 5,
                        "extra_bottom_block_chance": 0.25,
                        "extra_edge_column_chance": 0.5,
                        "vegetation_chance": 0.005,
                        "xz_radius": {
                          "type": "minecraft:uniform",
                          "value": {
                            "min_inclusive": 2,
                            "max_inclusive": 7
                          }
                        },
                        "replaceable": "nullscape:amethyst_cut",
                        "ground_state": {
                          "type": "minecraft:simple_state_provider",
                          "state": {
                            "Name": "minecraft:dead_fire_coral_block"
                          }
                        },
                        "vegetation_feature": "nullscape:shadow/simple_coral"
                      }
                    }
                  }
                ],
                "default": {
                  "type": "minecraft:vegetation_patch",
                  "config": {
                    "surface": "floor",
                    "depth": {
                      "type": "minecraft:uniform",
                      "value": {
                        "min_inclusive": 10,
                        "max_inclusive": 17
                      }
                    },
                    "vertical_range": 5,
                    "extra_bottom_block_chance": 0.25,
                    "extra_edge_column_chance": 0.55,
                    "vegetation_chance": 0.0035,
                    "xz_radius": {
                      "type": "minecraft:uniform",
                      "value": {
                        "min_inclusive": 2,
                        "max_inclusive": 4
                      }
                    },
                    "replaceable": "nullscape:amethyst_cut",
                    "ground_state": {
                      "type": "minecraft:simple_state_provider",
                      "state": {
                        "Name": "minecraft:dead_tube_coral_block"
                      }
                    },
                    "vegetation_feature": "nullscape:shadow/simple_coral"
                  }
                }
              }
            }
          }
        }
      }
    }
  }
}
