{
  "type": "minecraft:decorated",
  "config": {
    "decorator": {
      "type": "minecraft:count_extra",
      "config": {
        "count": 1500,
        "extra_count": 0,
        "extra_chance": 0
      }
    },
    "feature": {
      "type": "minecraft:decorated",
      "config": {
        "decorator": {
          "type": "minecraft:decorated",
          "config": {
            "outer": {
              "type": "minecraft:square",
              "config": {}
            },
            "inner": {
              "type": "minecraft:range",
              "config": {
                "height": {
                  "type": "minecraft:uniform",
                  "min_inclusive": {
                    "above_bottom": 0
                  },
                  "max_inclusive": {
                    "below_top": 0
                  }
                }
              }
            }
          }
        },
        "feature": {
          "type": "minecraft:decorated",
          "config": {
            "decorator": {
              "type": "minecraft:cave_surface",
              "config": {
                "surface": "ceiling",
                "floor_to_ceiling_search_range": 50
              }
            },
            "feature": {
              "type": "minecraft:vegetation_patch",
              "config": {
                "surface": "ceiling",
                "depth": 1,
                "vertical_range": 10,
                "extra_bottom_block_chance": 0,
                "extra_edge_column_chance": 0.5,
                "vegetation_chance": 0.5,
                "xz_radius": {
                  "type": "minecraft:uniform",
                  "value": {
                    "min_inclusive": 1,
                    "max_inclusive": 3
                  }
                },
                "replaceable": "nullscape:brain_coral",
                "ground_state": {
                  "type": "minecraft:simple_state_provider",
                  "state": {
                    "Name": "minecraft:dead_brain_coral_block"
                  }
                },
                "vegetation_feature": {
                  "type": "minecraft:growing_plant",
                  "config": {
                    "direction": "down",
                    "allow_water": false,
                    "height_distribution": [
                      {
                        "weight": 10,
                        "data": 1
                      },
                      {
                        "weight": 1,
                        "data": 2
                      }
                    ],
                    "body_provider": {
                      "type": "minecraft:simple_state_provider",
                      "state": {
                        "Name": "minecraft:dead_brain_coral_block"
                      }
                    },
                    "head_provider": {
                      "type": "minecraft:simple_state_provider",
                      "state": {
                        "Name": "minecraft:dead_brain_coral_block"
                      }
                    }
                  }
                }
              }
            }
          }
        }
      }
    }
  }
}
