{
  "type": "minecraft:decorated",
  "config": {
    "decorator": {
      "type": "minecraft:count_extra",
      "config": {
        "count": 2000,
        "extra_count": 0,
        "extra_chance": 0
      }
    },
    "feature": {
      "type": "minecraft:decorated",
      "config": {
        "decorator": {
          "type": "minecraft:decorated",
          "config": {
            "outer": {
              "type": "minecraft:nope",
              "config": {}
            },
            "inner": {
              "type": "minecraft:square",
              "config": {}
            }
          }
        },
        "feature": {
          "type": "minecraft:decorated",
          "config": {
            "decorator": {
              "type": "minecraft:heightmap",
              "config": {
                "heightmap": "WORLD_SURFACE_WG"
              }
            },
            "feature": {
              "type": "minecraft:decorated",
              "config": {
                "decorator": {
                  "type": "minecraft:decorated",
                  "config": {
                    "outer": {
                      "type": "minecraft:decorated",
                      "config": {
                        "outer": {
                          "type": "minecraft:count_noise_biased",
                          "config": {
                            "noise_to_count_ratio": 2,
                            "noise_factor": 215,
                            "noise_offset": 0.75
                          }
                        },
                        "inner": {
                          "type": "minecraft:count_noise_biased",
                          "config": {
                            "noise_to_count_ratio": 2,
                            "noise_factor": 215,
                            "noise_offset": 0.8
                          }
                        }
                      }
                    },
                    "inner": {
                      "type": "minecraft:decorated",
                      "config": {
                        "outer": {
                          "type": "minecraft:count_noise_biased",
                          "config": {
                            "noise_to_count_ratio": 2,
                            "noise_factor": 215,
                            "noise_offset": 0.85
                          }
                        },
                        "inner": {
                          "type": "minecraft:count_noise_biased",
                          "config": {
                            "noise_to_count_ratio": 2,
                            "noise_factor": 215,
                            "noise_offset": 0.9
                          }
                        }
                      }
                    }
                  }
                },
                "feature": {
                  "type": "minecraft:random_selector",
                  "config": {
                    "features": [
                      {
                        "chance": 0.000003,
                        "feature": {
                          "type": "minecraft:ore",
                          "config": {
                            "size": 45,
                            "targets": [
                              {
                                "target": {
                                  "predicate_type": "minecraft:block_match",
                                  "block": "minecraft:grass_block"
                                },
                                "state": {
                                  "Name": "minecraft:gravel"
                                }
                              }
                            ],
                            "discard_chance_on_air_exposure": 0.0
                          }
                        }
                      }
                    ],
                    "default": {
                      "type": "minecraft:no_op",
                      "config": {}
                    }
                  }
                }
              }
            }
          }
        }
      }
    }
  }
}