{
  "type": "minecraft:decorated",
  "config": {
    "decorator": {
      "type": "minecraft:count_extra",
      "config": {
        "count": 200,
        "extra_count": 0,
        "extra_chance": 0
      }
    },
    "feature": {
      "type": "minecraft:decorated",
      "config": {
        "decorator": {
          "type": "minecraft:decorated",
          "config": {
            "outer": {
              "type": "minecraft:square",
              "config": {}
            },
            "inner": {
              "type": "minecraft:count_noise_biased",
              "config": {
                "noise_to_count_ratio": 20,
                "noise_factor": 305,
                "noise_offset": 0
              }
            }
          }
        },
        "feature": {
          "type": "minecraft:decorated",
          "config": {
            "decorator": {
              "type": "minecraft:range",
              "config": {
                "height": {
                  "type": "minecraft:uniform",
                  "min_inclusive": {
                    "above_bottom": 0
                  },
                  "max_inclusive": {
                    "below_top": 0
                  }
                }
              }
            },
            "feature": {
              "type": "minecraft:decorated",
              "config": {
                "decorator": {
                  "type": "minecraft:chance",
                  "config": {
                    "chance": 1000
                  }
                },
                "feature": {
                  "type": "minecraft:decorated",
                  "config": {
                    "decorator": {
                      "type": "minecraft:decorated",
                      "config": {
                        "outer": {
                          "type": "minecraft:count_noise_biased",
                          "config": {
                            "noise_to_count_ratio": 40,
                            "noise_factor": 234,
                            "noise_offset": 0.4
                          }
                        },
                        "inner": {
                          "type": "minecraft:cave_surface",
                          "config": {
                            "surface": "ceiling",
                            "floor_to_ceiling_search_range": 50
                          }
                        }
                      }
                    },
                    "feature": {
                      "type": "minecraft:vegetation_patch",
                      "config": {
                        "surface": "ceiling",
                        "depth": 1,
                        "vertical_range": 50,
                        "extra_bottom_block_chance": 0.25,
                        "extra_edge_column_chance": 0.5,
                        "vegetation_chance": 1,
                        "xz_radius": {
                          "type": "minecraft:uniform",
                          "value": {
                            "min_inclusive": 0,
                            "max_inclusive": 3
                          }
                        },
                        "replaceable": "nullscape:end_bottom",
                        "ground_state": {
                          "type": "minecraft:weighted_state_provider",
                          "entries": [
                            {
                              "weight": 1,
                              "data": {
                                "Name": "minecraft:end_stone"
                              }
                            }
                          ]
                        },
                        "vegetation_feature": {
                          "type": "minecraft:growing_plant",
                          "config": {
                            "direction": "down",
                            "allow_water": false,
                            "height_distribution": [
                              {
                                "weight": 1,
                                "data": 1
                              }
                            ],
                            "body_provider": {
                              "type": "minecraft:simple_state_provider",
                              "state": {
                                "Name": "minecraft:end_stone"
                              }
                            },
                            "head_provider": {
                              "type": "minecraft:weighted_state_provider",
                              "entries": [
                                {
                                  "weight": 2,
                                  "data": {
                                    "Name": "minecraft:end_stone"
                                  }
                                }
                              ]
                            }
                          }
                        }
                      }
                    }
                  }
                }
              }
            }
          }
        }
      }
    }
  }
}
