{
  "type": "minecraft:decorated",
  "config": {
    "decorator": {
      "type": "minecraft:chance",
      "config": {
        "chance": 2
      }
    },
    "feature": {
      "type": "minecraft:decorated",
      "config": {
        "decorator": {
          "type": "minecraft:square",
          "config": {}
        },
        "feature": {
          "type": "minecraft:decorated",
          "config": {
            "decorator": {
              "type": "minecraft:count",
              "config": {
                "count": {
                  "type": "minecraft:uniform",
                  "value": {
                    "min_inclusive": 1,
                    "max_inclusive": 1
                  }
                }
              }
            },
            "feature": {
              "type": "minecraft:decorated",
              "config": {
                "decorator": {
                  "type": "minecraft:heightmap",
                  "config": {
                    "heightmap": "WORLD_SURFACE_WG"
                  }
                },
                "feature": {
                  "type": "minecraft:vegetation_patch",
                  "config": {
                    "surface": "floor",
                    "depth": {
                      "type": "minecraft:uniform",
                      "value": {
                        "min_inclusive": 3,
                        "max_inclusive": 3
                      }
                    },
                    "vertical_range": 1,
                    "extra_bottom_block_chance": 0,
                    "extra_edge_column_chance": 0,
                    "vegetation_chance": 1,
                    "xz_radius": {
                      "type": "minecraft:uniform",
                      "value": {
                        "min_inclusive": 0,
                        "max_inclusive": 0
                      }
                    },
                    "replaceable": "terralith:soil",
                    "ground_state": {
                      "type": "minecraft:simple_state_provider",
                      "state": {
                        "Name": "minecraft:air"
                      }
                    },
                    "vegetation_feature": {
                      "type": "minecraft:decorated",
                      "config": {
                        "decorator": {
                          "type": "minecraft:decorated",
                          "config": {
                            "outer": {
                              "type": "minecraft:cave_surface",
                              "config": {
                                "surface": "floor",
                                "floor_to_ceiling_search_range": 10
                              }
                            },
                            "inner": {
                              "type": "minecraft:count",
                              "config": {
                                "count": 1
                              }
                            }
                          }
                        },
                        "feature": {
                          "type": "minecraft:geode",
                          "config": {
                            "blocks": {
                              "filling_provider": {
                                "type": "minecraft:weighted_state_provider",
                                "entries": [
                                  {
                                    "weight": 2,
                                    "data": {
                                      "Name": "minecraft:calcite"
                                    }
                                  },
                                  {
                                    "weight": 1,
                                    "data": {
                                      "Name": "minecraft:calcite"
                                    }
                                  }
                                ]
                              },
                              "inner_layer_provider": {
                                "type": "minecraft:weighted_state_provider",
                                "entries": [
                                  {
                                    "weight": 2,
                                    "data": {
                                      "Name": "minecraft:calcite"
                                    }
                                  },
                                  {
                                    "weight": 1,
                                    "data": {
                                      "Name": "minecraft:calcite"
                                    }
                                  }
                                ]
                              },
                              "alternate_inner_layer_provider": {
                                "type": "minecraft:weighted_state_provider",
                                "entries": [
                                  {
                                    "weight": 2,
                                    "data": {
                                      "Name": "minecraft:calcite"
                                    }
                                  },
                                  {
                                    "weight": 1,
                                    "data": {
                                      "Name": "minecraft:calcite"
                                    }
                                  }
                                ]
                              },
                              "middle_layer_provider": {
                                "type": "minecraft:weighted_state_provider",
                                "entries": [
                                  {
                                    "weight": 2,
                                    "data": {
                                      "Name": "minecraft:calcite"
                                    }
                                  },
                                  {
                                    "weight": 1,
                                    "data": {
                                      "Name": "minecraft:calcite"
                                    }
                                  }
                                ]
                              },
                              "outer_layer_provider": {
                                "type": "minecraft:weighted_state_provider",
                                "entries": [
                                  {
                                    "weight": 2,
                                    "data": {
                                      "Name": "minecraft:calcite"
                                    }
                                  },
                                  {
                                    "weight": 1,
                                    "data": {
                                      "Name": "minecraft:calcite"
                                    }
                                  }
                                ]
                              },
                              "inner_placements": [
                                {
                                  "Name": "minecraft:diorite"
                                }
                              ],
                              "cannot_replace": "terralith:anti_calcite",
                              "invalid_blocks": "terralith:calcite"
                            },
                            "layers": {
                              "filling": 0.5,
                              "inner_layer": 1,
                              "middle_layer": 1.5,
                              "outer_layer": 1.75
                            },
                            "crack": {
                              "generate_crack_chance": 0,
                              "base_crack_size": 0,
                              "crack_point_offset": 0
                            },
                            "noise_multiplier": 0.06,
                            "use_potential_placements_chance": 0,
                            "use_alternate_layer0_chance": 0,
                            "placements_require_layer0_alternate": false,
                            "outer_wall_distance": {
                              "type": "minecraft:uniform",
                              "value": {
                                "min_inclusive": 2,
                                "max_inclusive": 5
                              }
                            },
                            "distribution_points": {
                              "type": "minecraft:biased_to_bottom",
                              "value": {
                                "min_inclusive": 3,
                                "max_inclusive": 3
                              }
                            },
                            "point_offset": {
                              "type": "minecraft:biased_to_bottom",
                              "value": {
                                "min_inclusive": 1,
                                "max_inclusive": 6
                              }
                            },
                            "min_gen_offset": -12,
                            "max_gen_offset": 12,
                            "invalid_blocks_threshold": 1
                          }
                        }
                      }
                    }
                  }
                }
              }
            }
          }
        }
      }
    }
  }
}
