{
  "type": "minecraft:decorated",
  "config": {
    "decorator": {
      "type": "minecraft:count",
      "config": {
        "count": 2
      }
    },
    "feature": {
      "type": "minecraft:decorated",
      "config": {
        "decorator": {
          "type": "minecraft:decorated",
          "config": {
            "outer": {
              "type": "minecraft:square",
              "config": {}
            },
            "inner": {
              "type": "minecraft:heightmap",
              "config": {"heightmap":"WORLD_SURFACE"}
            }
          }
        },
        "feature": {
          "type": "minecraft:random_selector",
          "config": {
            "features": [
              {
                "chance": 0.6,
                "feature": "terralith:forest/flower/cloud_tree"
              }
            ],
            "default": "terralith:nothing"
          }
        }
      }
    }
  }
}