{
  "type": "minecraft:tree",
  "config": {
    "ignore_vines": true,
    "force_dirt": true,
    "minimum_size": {
      "type": "minecraft:two_layers_feature_size",
      "limit": 1,
      "lower_size": 0,
      "upper_size": 1
    },
    "sapling_provider": {
                      "type": "minecraft:simple_state_provider",
                      "state": {
                        "Name": "minecraft:oak_sapling",
                        "Properties": {
                          "stage": "0"
                        }
                      }
                    },"dirt_provider": {
      "type": "minecraft:simple_state_provider",
      "state": {
        "Name": "minecraft:dirt"
      }
    },
    "trunk_provider": {
      "type": "minecraft:simple_state_provider",
      "state": {
        "Name": "minecraft:oak_log",
        "Properties": {
          "axis": "y"
        }
      }
    },
    "foliage_provider": {
      "type": "minecraft:weighted_state_provider",
      "entries": [
        {
          "weight": 5,
          "data": {
            "Name": "minecraft:azalea_leaves",
            "Properties": {
              "distance": "7",
              "persistent": "false"
            }
          }
        },
        {
          "weight": 1,
          "data": {
            "Name": "minecraft:flowering_azalea_leaves",
            "Properties": {
              "distance": "7",
              "persistent": "false"
            }
          }
        }
      ]
    },
    "trunk_placer": {
      "type": "minecraft:forking_trunk_placer",
      "base_height": 2,
      "height_rand_a": 8,
      "height_rand_b": 4
    },
    "foliage_placer": {
      "type": "minecraft:blob_foliage_placer",
      "radius": 2,
      "offset": 2,
      "height": 2
    },
    "decorators": [
      {
        "type": "minecraft:beehive",
        "probability": 0.01
      }
    ]
  }
}