{
  "scale": 0.2,
  "effects": {
    "mood_sound": {
      "sound": "minecraft:ambient.cave",
      "tick_delay": 6000,
      "block_search_extent": 8,
      "offset": 2.0
    },
    "sky_color": 10858685, // 8364543
    "fog_color": 14145761, // 12638463
    "water_color": 4020182,
    "water_fog_color": 329011
  },
  "surface_builder": "minecraft:grass",
  "carvers": {
    "air": [
      "terralith:noodle_ravine",
      "terralith:flat_cave",
      "terralith:tall_cave",
      "minecraft:prototype_cave",
      "minecraft:prototype_canyon",
"terralith:big_cave_entrance"
    ]
  },
  "features": [
    [],
    [
      "minecraft:lake_water",
      "minecraft:lake_lava"
    ],
    [
      "minecraft:amethyst_geode"
    ],
    [
      "minecraft:monster_room"
    ],
    [],
    [],
    [
      "minecraft:prototype_ore_dirt",
      "minecraft:prototype_ore_gravel",
      "minecraft:prototype_ore_granite",
      "minecraft:prototype_ore_diorite",
      "minecraft:prototype_ore_andesite",
      "minecraft:prototype_ore_tuff",
      "minecraft:prototype_ore_coal_upper",
      "minecraft:prototype_ore_coal_lower",
      "minecraft:prototype_ore_iron_upper",
      "minecraft:prototype_ore_iron_middle",
      "minecraft:prototype_ore_iron_small",
      "minecraft:prototype_ore_gold",
      "minecraft:prototype_ore_redstone",
      "minecraft:prototype_ore_redstone_lower",
      "minecraft:prototype_ore_diamond",
      "minecraft:ore_diamond_strip_mine",
      "minecraft:prototype_ore_diamond_large",
      "minecraft:prototype_ore_lapis",
      "minecraft:prototype_ore_lapis_buried",
      "minecraft:prototype_ore_copper",
      "minecraft:prototype_underwater_magma",
      "minecraft:disk_sand",
      "minecraft:disk_clay",
      "minecraft:disk_gravel"
    ],
    [
      "minecraft:rare_dripstone_cluster",
      "minecraft:rare_small_dripstone"
    ],
    [
      "minecraft:patch_large_fern",
      
      "terralith:taiga/trees_tall",
      "terralith:taiga/mid/trees_mid",
      "terralith:taiga/small/trees_small",
      "terralith:taiga/tiny/trees_tiny",
      "terralith:taiga/fence_trees",
      "minecraft:flower_default",
      "minecraft:patch_grass_taiga_2",
      "minecraft:brown_mushroom_taiga",
      "minecraft:red_mushroom_taiga",
      "minecraft:brown_mushroom_normal",
      "minecraft:red_mushroom_normal",
      "minecraft:patch_sugar_cane",
      "minecraft:patch_pumpkin",
      "minecraft:prototype_glow_lichen",
"minecraft:prototype_spring_water",
      "minecraft:prototype_spring_lava",
      "minecraft:patch_berry_decorated"
    ],
    [
      "minecraft:freeze_top_layer",
      "terralith:cave/generic/kill_bad_leaves",
      "terralith:cave/ice/columns",
      "terralith:cave/ice/lapis_vein",
      "terralith:cave/ice/surface",
      "terralith:cave/ice/pools",
      "terralith:cave/ice/pools_ring",
      "terralith:cave/ice/pools_ring2",
      "terralith:cave/ice/replacer",
      "terralith:cave/ice/crystal_inside",
      "terralith:cave/ice/no_lava",
      "terralith:cave/ice/ceiling",
      "terralith:cave/dripstone/large_dripstone",
      "terralith:cave/dripstone/iron_dripstone",
      "terralith:cave/dripstone/dripstone_cluster",
      "terralith:cave/dripstone/small_dripstone",
      "terralith:snowy/snow_9",
      "terralith:snowy/snow_8",
      "terralith:snowy/snow_7",
      "terralith:snowy/snow_6",
      "terralith:snowy/snow_5",
      "terralith:snowy/snow_4",
      "terralith:snowy/snow_3",
      "terralith:snowy/snow_2",
      "terralith:snowy/snow_1",
      "terralith:snowy/under_tree_snow",
      "terralith:snowy/fix_tree_snow"
    ]
  ],
  "starts": [
    "minecraft:igloo",
    "minecraft:mineshaft",
    "minecraft:stronghold",
    "minecraft:ruined_portal"
  ],
  "spawners": {
    "monster": [
      {
        "type": "minecraft:spider",
        "weight": 100,
        "minCount": 4,
        "maxCount": 4
      },
      {
        "type": "minecraft:zombie",
        "weight": 95,
        "minCount": 4,
        "maxCount": 4
      },
      {
        "type": "minecraft:zombie_villager",
        "weight": 5,
        "minCount": 1,
        "maxCount": 1
      },
      {
        "type": "minecraft:skeleton",
        "weight": 100,
        "minCount": 4,
        "maxCount": 4
      },
      {
        "type": "minecraft:creeper",
        "weight": 100,
        "minCount": 4,
        "maxCount": 4
      },
      {
        "type": "minecraft:slime",
        "weight": 100,
        "minCount": 4,
        "maxCount": 4
      },
      {
        "type": "minecraft:enderman",
        "weight": 10,
        "minCount": 1,
        "maxCount": 4
      },
      {
        "type": "minecraft:witch",
        "weight": 5,
        "minCount": 1,
        "maxCount": 1
      }
    ],
    "creature": [
      {
        "type": "minecraft:sheep",
        "weight": 12,
        "minCount": 4,
        "maxCount": 4
      },
      {
        "type": "minecraft:pig",
        "weight": 10,
        "minCount": 4,
        "maxCount": 4
      },
      {
        "type": "minecraft:chicken",
        "weight": 10,
        "minCount": 4,
        "maxCount": 4
      },
      {
        "type": "minecraft:cow",
        "weight": 8,
        "minCount": 4,
        "maxCount": 4
      },
      {
        "type": "minecraft:wolf",
        "weight": 8,
        "minCount": 4,
        "maxCount": 4
      },
      {
        "type": "minecraft:rabbit",
        "weight": 4,
        "minCount": 2,
        "maxCount": 3
      },
      {
        "type": "minecraft:fox",
        "weight": 8,
        "minCount": 2,
        "maxCount": 4
      }
    ],
    "ambient": [
      {
        "type": "minecraft:bat",
        "weight": 10,
        "minCount": 8,
        "maxCount": 8
      }
    ],

    "water_creature": [],
    "water_ambient": [],
    "misc": [],
    "underground_water_creature": [
      {
        "type": "minecraft:glow_squid",
        "weight": 10,
        "minCount": 4,
        "maxCount": 6
      },
      {
        "type": "minecraft:axolotl",
        "weight": 10,
        "minCount": 4,
        "maxCount": 6
      }
    ]
  },
  "spawn_costs": {},
  "player_spawn_friendly": false,
  "precipitation": "snow",
  "temperature": -0.5,
  "downfall": 0.4,
  "category": "taiga",
  "depth": 0.825
}