{
  "name": "terralith:village/fortified/starts",
  "fallback": "minecraft:empty",
  "elements": [
    {
      "weight": 50,
      "element": {
        "location": "minecraft:village/plains/town_centers/plains_fountain_01",
        "processors": "minecraft:mossify_20_percent",
        "projection": "rigid",
        "element_type": "minecraft:legacy_single_pool_element"
      }
    },
    {
      "weight": 50,
      "element": {
        "location": "minecraft:village/plains/town_centers/plains_meeting_point_1",
        "processors": "minecraft:mossify_20_percent",
        "projection": "rigid",
        "element_type": "minecraft:legacy_single_pool_element"
      }
    },
    {
      "weight": 50,
      "element": {
        "location": "minecraft:village/plains/town_centers/plains_meeting_point_2",
        "processors": "minecraft:empty",
        "projection": "rigid",
        "element_type": "minecraft:legacy_single_pool_element"
      }
    },
    {
      "weight": 50,
      "element": {
        "location": "minecraft:village/plains/town_centers/plains_meeting_point_3",
        "processors": "minecraft:mossify_70_percent",
        "projection": "rigid",
        "element_type": "minecraft:legacy_single_pool_element"
      }
    },
    {
      "weight": 1,
      "element": {
        "location": "minecraft:village/plains/zombie/town_centers/plains_fountain_01",
        "processors": "minecraft:zombie_plains",
        "projection": "rigid",
        "element_type": "minecraft:legacy_single_pool_element"
      }
    },
    {
      "weight": 1,
      "element": {
        "location": "minecraft:village/plains/zombie/town_centers/plains_meeting_point_1",
        "processors": "minecraft:zombie_plains",
        "projection": "rigid",
        "element_type": "minecraft:legacy_single_pool_element"
      }
    },
    {
      "weight": 1,
      "element": {
        "location": "minecraft:village/plains/zombie/town_centers/plains_meeting_point_2",
        "processors": "minecraft:zombie_plains",
        "projection": "rigid",
        "element_type": "minecraft:legacy_single_pool_element"
      }
    },
    {
      "weight": 1,
      "element": {
        "location": "minecraft:village/plains/zombie/town_centers/plains_meeting_point_3",
        "processors": "minecraft:zombie_plains",
        "projection": "rigid",
        "element_type": "minecraft:legacy_single_pool_element"
      }
    },
    {
      "weight": 120,
      "element": {
        "element_type": "minecraft:single_pool_element",
        "projection": "rigid",
        "location": "terralith:village/fortified/start_castle",
        "processors": "minecraft:empty"
      }
    }
  ]
}
