{
  "type": "minecraft:decorated",
  "config": {
    "decorator": {
      "type": "minecraft:count_extra",
      "config": {
        "count": 1650,
        "extra_count": 0,
        "extra_chance": 0
      }
    },
    "feature": {
      "type": "minecraft:decorated",
      "config": {
        "decorator": {
          "type": "minecraft:decorated",
          "config": {
            "outer": {
              "type": "minecraft:decorated",
              "config": {
                "outer": {
                  "type": "minecraft:decorated",
                  "config": {
                    "outer": {
                      "type": "minecraft:square",
                      "config": {}
                    },
                    "inner": {
                      "type": "minecraft:count_noise_biased",
                      "config": {
                        "noise_to_count_ratio": 1,
                        "noise_factor": 75,
                        "noise_offset": -0.65
                      }
                    }
                  }
                },
                "inner": {
                  "type": "minecraft:count_noise_biased",
                  "config": {
                    "noise_to_count_ratio": -65,
                    "noise_factor": 75,
                    "noise_offset": -0.8
                  }
                }
              }
            },
            "inner": {
              "type": "minecraft:range",
              "config": {
                "height": {
                  "type": "minecraft:uniform",
                  "min_inclusive": {
                    "above_bottom": 1
                  },
                  "max_inclusive": {
                    "below_top": 1
                  }
                }
              }
            }
          }
        },
        "feature": {
          "type": "minecraft:decorated",
          "config": {
            "decorator": {
              "type": "minecraft:decorated",
              "config": {
                "outer": {
                  "type": "minecraft:cave_surface",
                  "config": {
                    "surface": "floor",
                    "floor_to_ceiling_search_range": 80
                  }
                },
                "inner": {
                  "type": "minecraft:chance",
                  "config": {
                    "chance": 25
                  }
                }
              }
            },
            "feature": {
              "type": "minecraft:vegetation_patch",
              "config": {
                "surface": "floor",
                "depth": {
                  "type": "minecraft:uniform",
                  "value": {
                    "min_inclusive": 2,
                    "max_inclusive": 4
                  }
                },
                "vertical_range": 128,
                "extra_bottom_block_chance": 0.5,
                "extra_edge_column_chance": 0.5,
                "vegetation_chance": 1,
                "xz_radius": {
                  "type": "minecraft:uniform",
                  "value": {
                    "min_inclusive": 0,
                    "max_inclusive": 5
                  }
                },
                "replaceable": "nullscape:crystal_crying",
                "ground_state": {
                  "type": "minecraft:weighted_state_provider",
                  "entries": [
                    {
                      "weight": 8,
                      "data": {
                        "Name": "minecraft:obsidian"
                      }
                    },
                    {
                      "weight": 1,
                      "data": {
                        "Name": "minecraft:crying_obsidian"
                      }
                    }
                  ]
                },
                "vegetation_feature": {
                  "type": "minecraft:growing_plant",
                  "config": {
                    "direction": "up",
                    "allow_water": false,
                    "height_distribution": [
                      {
                        "weight": 1,
                        "data": 1
                      }
                    ],
                    "body_provider": {
                      "type": "minecraft:weighted_state_provider",
                      "entries": [
                        {
                          "weight": 8,
                          "data": {
                            "Name": "minecraft:obsidian"
                          }
                        },
                        {
                          "weight": 1,
                          "data": {
                            "Name": "minecraft:crying_obsidian"
                          }
                        }
                      ]
                    },
                    "head_provider": {
                      "type": "minecraft:weighted_state_provider",
                      "entries": [
                        {
                          "weight": 8,
                          "data": {
                            "Name": "minecraft:obsidian"
                          }
                        },
                        {
                          "weight": 1,
                          "data": {
                            "Name": "minecraft:crying_obsidian"
                          }
                        }
                      ]
                    }
                  }
                }
              }
            }
          }
        }
      }
    }
  }
}
