{
  "type": "minecraft:decorated",
  "config": {
    "decorator": {
      "type": "minecraft:count_extra",
      "config": {
        "count": 2000,
        "extra_count": 0,
        "extra_chance": 0
      }
    },
    "feature": {
      "type": "minecraft:decorated",
      "config": {
        "decorator": {
          "type": "minecraft:square",
          "config": {}
        },
        "feature": {
          "type": "minecraft:decorated",
          "config": {
            "decorator": {
              "type": "minecraft:range",
              "config": {
                "height": {
                  "type": "minecraft:uniform",
                  "min_inclusive": {
                    "above_bottom": 0
                  },
                  "max_inclusive": {
                    "below_top": 0
                  }
                }
              }
            },
            "feature": {
              "type": "minecraft:decorated",
              "config": {
                "decorator": {
                  "type": "minecraft:decorated",
                  "config": {
                    "outer": {
                      "type": "minecraft:count_noise_biased",
                      "config": {
                        "noise_to_count_ratio": 1,
                        "noise_factor": 221.727,
                        "noise_offset": 0.5
                      }
                    },
                    "inner": {
                      "type": "minecraft:cave_surface",
                      "config": {
                        "surface": "floor",
                        "floor_to_ceiling_search_range": 50
                      }
                    }
                  }
                },
                "feature": {
                  "type": "minecraft:simple_block",
                  "config": {
                    "to_place": {
                      "type": "minecraft:weighted_state_provider",
                      "entries": [
                        {
                          "weight": 5,
                          "data": {
                            "Name": "minecraft:light",
                            "Properties": {
                              "level": "11",
                              "waterlogged": "false"
                            }
                          }
                        },
                        {
                          "weight": 6,
                          "data": {
                            "Name": "minecraft:light",
                            "Properties": {
                              "level": "12",
                              "waterlogged": "false"
                            }
                          }
                        },
                        {
                          "weight": 7,
                          "data": {
                            "Name": "minecraft:light",
                            "Properties": {
                              "level": "13",
                              "waterlogged": "false"
                            }
                          }
                        },
                        {
                          "weight": 8,
                          "data": {
                            "Name": "minecraft:light",
                            "Properties": {
                              "level": "14",
                              "waterlogged": "false"
                            }
                          }
                        },
                        {
                          "weight": 9,
                          "data": {
                            "Name": "minecraft:light",
                            "Properties": {
                              "level": "15",
                              "waterlogged": "false"
                            }
                          }
                        }
                      ]
                    },
                    "place_on": [
                      {
                        "Name": "minecraft:amethyst_block"
                      }
                    ],
                    "place_in": [
                      {
                        "Name": "minecraft:air"
                      }
                    ],
                    "place_under": [
                      {
                        "Name": "minecraft:air"
                      }
                    ]
                  }
                }
              }
            }
          }
        }
      }
    }
  }
}
