{
  "type": "minecraft:decorated",
  "config": {
    "decorator": {
      "type": "minecraft:decorated",
      "config": {
        "outer": {
          "type": "minecraft:nope",
          "config": {}
        },
        "inner": {
          "type": "minecraft:count_multilayer",
          "config": {
            "count": 5
          }
        }
      }
    },
    "feature": {
      "type": "minecraft:decorated",
      "config": {
        "decorator": {
          "type": "minecraft:chance",
          "config": {
            "chance": 30
          }
        },
        "feature": "minecraft:basalt_pillar_base"
      }
    }
  }
}
