{
  "type": "minecraft:decorated",
  "config": {
    "decorator": {
      "type": "minecraft:count_extra",
      "config": {
        "count": 128,
        "extra_count": 128,
        "extra_chance": 1
      }
    },
    "feature": {
      "type": "minecraft:random_selector",
      "config": {
        "features": [
          {
            "chance": 0.1,
            "feature": {
              "type": "minecraft:decorated",
              "config": {
                "decorator": {
                  "type": "minecraft:spread_32_above",
                  "config": {}
                },
                "feature": {
                  "type": "minecraft:decorated",
                  "config": {
                    "decorator": {
                      "type": "minecraft:cave_surface",
                      "config": {
                        "surface": "ceiling",
                        "floor_to_ceiling_search_range": 255
                      }
                    },
                    "feature": {
                      "type": "minecraft:vegetation_patch",
                      "config": {
                        "surface": "ceiling",
                        "depth": 1,
                        "vertical_range": 2,
                        "extra_bottom_block_chance": 0,
                        "extra_edge_column_chance": 1,
                        "vegetation_chance": 1,
                        "xz_radius": {
                          "type": "minecraft:uniform",
                          "value": {
                            "min_inclusive": 1,
                            "max_inclusive": 1
                          }
                        },
                        "replaceable": "starmute:ssv_ceiling",
                        "ground_state": {
                          "type": "minecraft:simple_state_provider",
                          "state": {
                            "Name": "minecraft:soul_sand"
                          }
                        },
                        "vegetation_feature": {
                          "type": "minecraft:growing_plant",
                          "config": {
                            "direction": "down",
                            "allow_water": false,
                            "height_distribution": [
                              {
                                "weight": 1,
                                "data": 1
                              }
                            ],
                            "body_provider": {
                              "type": "minecraft:simple_state_provider",
                              "state": {
                                "Name": "minecraft:basalt",
                                "Properties": {
                                  "axis": "y"
                                }
                              }
                            },
                            "head_provider": {
                              "type": "minecraft:simple_state_provider",
                              "state": {
                                "Name": "minecraft:basalt",
                                "Properties": {
                                  "axis": "y"
                                }
                              }
                            }
                          }
                        }
                      }
                    }
                  }
                }
              }
            }
          },
          {
            "chance": 0.05,
            "feature": {
              "type": "minecraft:random_patch",
              "config": {
                "can_replace": false,
                "project": false,
                "need_water": false,
                "xspread": 0,
                "yspread": 1,
                "zspread": 1,
                "tries": 24,
                "state_provider": {
                  "type": "minecraft:simple_state_provider",
                  "state": {
                    "Name": "minecraft:basalt",
                    "Properties": {
                      "axis": "y"
                    }
                  }
                },
                "block_placer": {
                  "type": "minecraft:column_placer",
                  "size": {
                    "type": "minecraft:uniform",
                    "value": {
                      "min_inclusive": 1,
                      "max_inclusive": 11
                    }
                  }
                },
                "whitelist": [],
                "blacklist": []
              }
            }
          },
          {
            "chance": 0.05,
            "feature": {
              "type": "minecraft:random_patch",
              "config": {
                "can_replace": false,
                "project": false,
                "need_water": false,
                "xspread": 1,
                "yspread": 1,
                "zspread": 0,
                "tries": 24,
                "state_provider": {
                  "type": "minecraft:simple_state_provider",
                  "state": {
                    "Name": "minecraft:basalt",
                    "Properties": {
                      "axis": "y"
                    }
                  }
                },
                "block_placer": {
                  "type": "minecraft:column_placer",
                  "size": {
                    "type": "minecraft:uniform",
                    "value": {
                      "min_inclusive": 1,
                      "max_inclusive": 11
                    }
                  }
                },
                "whitelist": [],
                "blacklist": []
              }
            }
          },
          {
            "chance": 0.75,
            "feature": {
              "type": "minecraft:random_patch",
              "config": {
                "can_replace": false,
                "project": false,
                "need_water": false,
                "xspread": 0,
                "yspread": 255,
                "zspread": 0,
                "tries": 512,
                "state_provider": {
                  "type": "minecraft:simple_state_provider",
                  "state": {
                    "Name": "minecraft:basalt",
                    "Properties": {
                      "axis": "y"
                    }
                  }
                },
                "block_placer": {
                  "type": "minecraft:simple_block_placer"
                },
                "whitelist": [
                  {
                    "Name": "minecraft:basalt",
                    "Properties": {
                      "axis": "y"
                    }
                  }
                ],
                "blacklist": []
              }
            }
          }
        ],
        "default": {
          "type": "minecraft:random_patch",
          "config": {
            "can_replace": false,
            "project": false,
            "need_water": false,
            "xspread": 2,
            "yspread": 2,
            "zspread": 2,
            "tries": 5,
            "state_provider": {
              "type": "minecraft:simple_state_provider",
              "state": {
                "Name": "minecraft:basalt",
                "Properties": {
                  "axis": "y"
                }
              }
            },
            "block_placer": {
              "type": "minecraft:simple_block_placer"
            },
            "whitelist": [
              {
                "Name": "minecraft:soul_soil"
              },
              {
                "Name": "minecraft:soul_sand"
              },
              {
                "Name": "minecraft:netherrack"
              },
              {
                "Name": "minecraft:lava",
                "Properties": {
                  "level": "0"
                }
              }
            ],
            "blacklist": []
          }
        }
      }
    }
  }
}
