{
  "config": {
    "feature": {
      "config": {
        "feature": "minecraft:patch_brown_mushroom",
        "decorator": {
          "config": {
            "height": {
              "type": "minecraft:uniform",
              "min_inclusive": {
                "absolute": 0
              },
              "max_inclusive": {
                "absolute": 255
              }
            }
          },
          "type": "minecraft:range"
        }
      },
      "type": "minecraft:decorated"
    },
    "decorator": {
      "config": {
        "chance": 2
      },
      "type": "minecraft:chance"
    }
  },
  "type": "minecraft:decorated"
}
