{
  "config": {
    "feature": {
      "config": {
        "feature": {
          "config": {
            "feature": {
              "config": {},
              "type": "minecraft:glowstone_blob"
            },
            "decorator": {
              "config": {
                "height": {
                  "type": "minecraft:uniform",
                  "min_inclusive": {
                    "absolute": 0
                  },
                  "max_inclusive": {
                    "absolute": 255
                  }
                }
              },
              "type": "minecraft:range"
            }
          },
          "type": "minecraft:decorated"
        },
        "decorator": {
          "config": {},
          "type": "minecraft:square"
        }
      },
      "type": "minecraft:decorated"
    },
    "decorator": {
      "config": {
        "count": 10
      },
      "type": "minecraft:count"
    }
  },
  "type": "minecraft:decorated"
}
