{
  "config": {
    "feature": {
      "config": {},
      "type": "minecraft:glowstone_blob"
    },
    "decorator": {
      "config": {
        "outer": {
          "type": "minecraft:count",
          "config": {
            "count": {
              "type": "minecraft:biased_to_bottom",
              "value": {
                "min_inclusive": 0,
                "max_inclusive": 9
              }
            }
          }
        },
        "inner": {
          "type": "minecraft:decorated",
          "config": {
            "outer": {
              "type": "minecraft:square",
              "config": {}
            },
            "inner": {
              "type": "minecraft:range",
              "config": {
                "height": {
                  "type": "minecraft:uniform",
                  "min_inclusive": {
                    "absolute": 4
                  },
                  "max_inclusive": {
                    "absolute": 252
                  }
                }
              }
            }
          }
        }
      },
      "type": "minecraft:decorated"
    }
  },
  "type": "minecraft:decorated"
}
