{
  "config": {
    "feature": {
      "config": {
        "feature": {
          "config": {
            "size": 2,
            "discard_chance_on_air_exposure": 1,
            "targets": [
              {
                "target": {
                  "tag": "minecraft:base_stone_nether",
                  "predicate_type": "minecraft:tag_match"
                },
                "state": {
                  "Name": "minecraft:ancient_debris"
                }
              }
            ]
          },
          "type": "minecraft:ore"
        },
        "decorator": {
          "config": {
            "height": {
              "type": "minecraft:uniform",
              "min_inclusive": {
                "absolute": 8
              },
              "max_inclusive": {
                "absolute": 247
              }
            }
          },
          "type": "minecraft:range"
        }
      },
      "type": "minecraft:decorated"
    },
    "decorator": {
      "config": {},
      "type": "minecraft:square"
    }
  },
  "type": "minecraft:decorated"
}
