{
  "config": {
    "feature": {
      "config": {
        "can_replace": false,
        "project": false,
        "need_water": false,
        "xspread": 7,
        "yspread": 3,
        "zspread": 7,
        "whitelist": [],
        "blacklist": [],
        "tries": 64,
        "state_provider": {
          "state": {
            "Name": "minecraft:crimson_roots"
          },
          "type": "minecraft:simple_state_provider"
        },
        "block_placer": {
          "type": "minecraft:simple_block_placer"
        }
      },
      "type": "minecraft:random_patch"
    },
    "decorator": {
      "config": {
        "height": {
          "type": "minecraft:uniform",
          "min_inclusive": {
            "absolute": 0
          },
          "max_inclusive": {
            "absolute": 255
          }
        }
      },
      "type": "minecraft:range"
    }
  },
  "type": "minecraft:decorated"
}
