{
  "config": {
    "feature": {
      "config": {
        "can_replace": false,
        "project": false,
        "need_water": false,
        "xspread": 7,
        "yspread": 14,
        "zspread": 7,
        "whitelist": [
          {
            "Name": "minecraft:soul_soil"
          }
        ],
        "blacklist": [],
        "tries": 6,
        "state_provider": {
          "state": {
            "Name": "minecraft:soul_fire"
          },
          "type": "minecraft:simple_state_provider"
        },
        "block_placer": {
          "type": "minecraft:simple_block_placer"
        }
      },
      "type": "minecraft:random_patch"
    },
    "decorator": {
      "config": {
        "count": 1
      },
      "type": "minecraft:count_multilayer"
    }
  },
  "type": "minecraft:decorated"
}
