{
  "config": {
    "feature": {
      "config": {
        "feature": {
          "config": {
            "feature": {
              "config": {
                "size": 33,
                "discard_chance_on_air_exposure": 0,
                "targets": [
                  {
                    "target": {
                      "block": "minecraft:netherrack",
                      "predicate_type": "minecraft:block_match"
                    },
                    "state": {
                      "Name": "minecraft:soul_sand"
                    }
                  }
                ]
              },
              "type": "minecraft:ore"
            },
            "decorator": {
              "config": {
                "height": {
                  "type": "minecraft:trapezoid",
                  "min_inclusive": {
                    "absolute": 31
                  },
                  "max_inclusive": {
                    "absolute": 41
                  }
                }
              },
              "type": "minecraft:range"
            }
          },
          "type": "minecraft:decorated"
        },
        "decorator": {
          "config": {},
          "type": "minecraft:square"
        }
      },
      "type": "minecraft:decorated"
    },
    "decorator": {
      "config": {
        "count": 8
      },
      "type": "minecraft:count"
    }
  },
  "type": "minecraft:decorated"
}
