{
  "config": {
    "feature": {
      "config": {
        "feature": {
          "config": {
            "feature": {
              "config": {
                "rock_count": 4,
                "hole_count": 1,
                "valid_blocks": [
                  "minecraft:stone",
                  "minecraft:granite",
                  "minecraft:diorite",
                  "minecraft:andesite"
                ],
                "state": {
                  "Properties": {
                    "falling": "true"
                  },
                  "Name": "minecraft:lava"
                },
                "requires_block_below": true
              },
              "type": "minecraft:spring_feature"
            },
            "decorator": {
              "config": {
                "height": {
                  "type": "minecraft:very_biased_to_bottom",
                  "min_inclusive": {
                    "absolute": 8
                  },
                  "max_inclusive": {
                    "absolute": 247
                  },
                  "cutoff": 8
                }
              },
              "type": "minecraft:range"
            }
          },
          "type": "minecraft:decorated"
        },
        "decorator": {
          "config": {},
          "type": "minecraft:square"
        }
      },
      "type": "minecraft:decorated"
    },
    "decorator": {
      "config": {
        "count": 20
      },
      "type": "minecraft:count"
    }
  },
  "type": "minecraft:decorated"
}
