{
  "type": "minecraft:tree",
  "config": {
    "ignore_vines": false,
    "force_dirt": true,
    "minimum_size": {
      "type": "minecraft:two_layers_feature_size",
      "limit": 1,
      "lower_size": 0,
      "upper_size": 1
    },
    "dirt_provider": {
      "type": "minecraft:simple_state_provider",
      "state": {
        "Name": "minecraft:rooted_dirt"
      }
    },
    "sapling_provider": {
      "type": "minecraft:simple_state_provider",
      "state": {
        "Name": "minecraft:dead_bush"
      }
    },
    "trunk_provider": {
      "type": "minecraft:simple_state_provider",
      "state": {
        "Name": "minecraft:jungle_log",
        "Properties": {
          "axis": "y"
        }
      }
    },
    "foliage_provider": {
      "type": "minecraft:weighted_state_provider",
      "entries": [
        {
          "weight": 3,
          "data": {
            "Name": "minecraft:azalea_leaves",
            "Properties": {
              "persistent": "false",
              "distance": "7"
            }
          }
        },
        {
          "weight": 1,
          "data": {
            "Name": "minecraft:flowering_azalea_leaves",
            "Properties": {
              "persistent": "false",
              "distance": "7"
            }
          }
        }
      ]
    },
    "trunk_placer": {
      "type": "minecraft:bending_trunk_placer",
      "base_height": 7,
      "height_rand_a": 3,
      "height_rand_b": 5,
      "bend_length": {
        "type": "minecraft:uniform",
        "value": {
          "min_inclusive": 1,
          "max_inclusive": 4
        }
      },
      "min_height_for_leaves": 14
    },
    "foliage_placer": {
      "type": "minecraft:random_spread_foliage_placer",
      "radius": 3,
      "offset": 0,
      "foliage_height": 3,
      "leaf_placement_attempts": 50
    },
    "decorators": [
      {
        "type": "minecraft:alter_ground",
        "provider": {
          "type": "minecraft:weighted_state_provider",
          "entries": [
            {
              "weight": 2,
              "data": {
                "Name": "minecraft:grass_block",
                "Properties": {
                  "snowy": "false"
                }
              }
            },
            {
              "weight": 0,
              "data": {
                "Name": "minecraft:red_sand"
              }
            }
          ]
        }
      },
      {
        "type": "minecraft:leave_vine"
      }
    ]
  }
}
