{
  "sea_level": -96,
  "disable_mob_generation": false,
  "noise_caves_enabled": true,
  "noodle_caves_enabled": true,
  "aquifers_enabled": false,
  "ore_veins_enabled": false,
  "legacy_random_source": false,
  "default_block": {
    "Name": "minecraft:end_stone"
  },
  "default_fluid": {
    "Name": "minecraft:air"
  },
  "noise": {
    "min_y": 0,
    "height": 288,
    "size_horizontal": 1,
    "size_vertical": 1,
    "island_noise_override": false,
    "amplified": false,
    "sampling": {
      "xz_scale": 0.875,
      "y_scale": 1.65,
      "xz_factor": 300,
      "y_factor": 225
    },
    "bottom_slide": {
      "target": -8,
      "size": 13,
      "offset": -6
    },
    "top_slide": {
      "target": -10,
      "size": 64,
      "offset": -50
    },
    "terrain_shaper": {
      "offset": {
        "coordinate": "continents",
        "points": [
          {
            "location": 0,
            "derivative": 0,
            "value": {
              "coordinate": "erosion",
              "points": [
                {
                  "location": -0.15,
                  "derivative": 0,
                  "value": -0.65
                },
                {
                  "location": 0,
                  "derivative": 0,
                  "value": -4
                },
                {
                  "location": 0.15,
                  "derivative": 0,
                  "value": -0.7
                }
              ]
            }
          },
          {
            "location": 0.15,
            "derivative": 0,
            "value": -0.65
          },
          {
            "location": 0.175,
            "derivative": 0,
            "value": -4
          },
          {
            "location": 0.3,
            "derivative": -0.5,
            "value": {
              "coordinate": "erosion",
              "points": [
                {
                  "location": -0.3,
                  "derivative": 0,
                  "value": {
                    "coordinate": "weirdness",
                    "points": [
                      {
                        "location": -0.7,
                        "derivative": 1,
                        "value": 1.1135
                      },
                      {
                        "location": -0.05,
                        "derivative": -1.75,
                        "value": {
                          "coordinate": "continents",
                          "points": [
                            {
                              "location": 0.3,
                              "derivative": 0.4,
                              "value": -0.2
                            }
                          ]
                        }
                      },
                      {
                        "location": 0.05,
                        "derivative": 1.75,
                        "value": {
                          "coordinate": "continents",
                          "points": [
                            {
                              "location": 0.3,
                              "derivative": 0.4,
                              "value": -0.2
                            }
                          ]
                        }
                      },
                      {
                        "location": 0.7,
                        "derivative": -1,
                        "value": 1.1135
                      }
                    ]
                  }
                },
                {
                  "location": 0,
                  "derivative": 0,
                  "value": {
                    "coordinate": "weirdness",
                    "points": [
                      {
                        "location": -0.4,
                        "derivative": -0.2,
                        "value": -0.085
                      },
                      {
                        "location": -0.2,
                        "derivative": -0.5,
                        "value": -0.35
                      },
                      {
                        "location": -0.15,
                        "derivative": -1,
                        "value": -0.35
                      },
                      {
                        "location": 0.15,
                        "derivative": 1,
                        "value": -0.35
                      },
                      {
                        "location": 0.2,
                        "derivative": 0,
                        "value": -0.1
                      },
                      {
                        "location": 0.4,
                        "derivative": 1,
                        "value": -0.085
                      },
                      {
                        "location": 0.975,
                        "derivative": -1,
                        "value": 0.3
                      }
                    ]
                  }
                },
                {
                  "location": 0.3,
                  "derivative": 0,
                  "value": {
                    "coordinate": "weirdness",
                    "points": [
                      {
                        "location": -0.6,
                        "derivative": 0,
                        "value": {
                          "coordinate": "continents",
                          "points": [
                            {
                              "location": 0.65,
                              "derivative": 0.25,
                              "value": 1
                            }
                          ]
                        }
                      },
                      {
                        "location": -0.575,
                        "derivative": 0,
                        "value": {
                          "coordinate": "erosion",
                          "points": [
                            {
                              "location": -0.4,
                              "derivative": -0.25,
                              "value": 0.66666
                            }
                          ]
                        }
                      },
                      {
                        "location": -0.425,
                        "derivative": 0,
                        "value": {
                          "coordinate": "erosion",
                          "points": [
                            {
                              "location": -0.4,
                              "derivative": -0.25,
                              "value": 0.66
                            }
                          ]
                        }
                      },
                      {
                        "location": -0.4,
                        "derivative": 0,
                        "value": {
                          "coordinate": "continents",
                          "points": [
                            {
                              "location": 0.65,
                              "derivative": -0.25,
                              "value": 0.33
                            }
                          ]
                        }
                      },
                      {
                        "location": -0.225,
                        "derivative": 0,
                        "value": 0.33
                      },
                      {
                        "location": -0.2,
                        "derivative": 0,
                        "value": 0.025
                      },
                      {
                        "location": -0.13,
                        "derivative": 0,
                        "value": 0
                      },
                      {
                        "location": -0.05,
                        "derivative": -1.75,
                        "value": {
                          "coordinate": "continents",
                          "points": [
                            {
                              "location": 0.3,
                              "derivative": 0.4,
                              "value": -0.2
                            }
                          ]
                        }
                      },
                      {
                        "location": 0,
                        "derivative": -0.75,
                        "value": {
                          "coordinate": "continents",
                          "points": [
                            {
                              "location": 0.3,
                              "derivative": 0.4,
                              "value": -0.2
                            }
                          ]
                        }
                      }
                    ]
                  }
                }
              ]
            }
          }
        ]
      },
      "factor": {
        "coordinate": "continents",
        "points": [
          {
            "location": 0.15,
            "derivative": 0,
            "value": 0.25
          },
          {
            "location": 0.3,
            "derivative": 0,
            "value": 3
          }
        ]
      },
      "jaggedness": {
        "coordinate": "continents",
        "points": [
          {
            "location": 0,
            "derivative": 0,
            "value": {
              "coordinate": "erosion",
              "points": [
                {
                  "location": 0.3,
                  "derivative": 0,
                  "value": 0
                },
                {
                  "location": 0.4,
                  "derivative": 0,
                  "value": {
                    "coordinate": "weirdness",
                    "points": [
                      {
                        "location": 0,
                        "derivative": 1.75,
                        "value": 0
                      }
                    ]
                  }
                }
              ]
            }
          },
          {
            "location": 0.15,
            "derivative": 0,
            "value": 0
          },
          {
            "location": 0.3,
            "derivative": 0,
            "value": {
              "coordinate": "erosion",
              "points": [
                {
                  "location": -0.3,
                  "derivative": 0,
                  "value": {
                    "coordinate": "weirdness",
                    "points": [
                      {
                        "location": -0.5,
                        "derivative": 0,
                        "value": 0.65
                      },
                      {
                        "location": -0.3,
                        "derivative": -3,
                        "value": 0
                      },
                      {
                        "location": 0,
                        "derivative": 0,
                        "value": 0
                      },
                      {
                        "location": 0.3,
                        "derivative": 4,
                        "value": 0
                      },
                      {
                        "location": 0.5,
                        "derivative": 0,
                        "value": 0.85
                      }
                    ]
                  }
                },
                {
                  "location": 0,
                  "derivative": 0,
                  "value": {
                    "coordinate": "weirdness",
                    "points": [
                      {
                        "location": -0.5,
                        "derivative": 0,
                        "value": 0.15
                      },
                      {
                        "location": -0.3,
                        "derivative": 1.5,
                        "value": 0
                      },
                      {
                        "location": 0,
                        "derivative": 0,
                        "value": 0
                      }
                    ]
                  }
                },
                {
                  "location": 0.3,
                  "derivative": 0,
                  "value": {
                    "coordinate": "weirdness",
                    "points": [
                      {
                        "location": -0.5,
                        "derivative": 0,
                        "value": 0
                      },
                      {
                        "location": -0.3,
                        "derivative": 0,
                        "value": 0
                      },
                      {
                        "location": 0,
                        "derivative": 0,
                        "value": 0
                      },
                      {
                        "location": 0.3,
                        "derivative": 0,
                        "value": 0
                      },
                      {
                        "location": 0.5,
                        "derivative": 0,
                        "value": 0
                      }
                    ]
                  }
                }
              ]
            }
          }
        ]
      }
    }
  },
  "surface_rule": {
    "type": "minecraft:sequence",
    "sequence": [
      {
        "type": "minecraft:block",
        "result_state": {
          "Name": "minecraft:end_stone"
        }
      }
    ]
  },
  "structures": {
    "structures": {
      "minecraft:pillager_outpost": {
        "spacing": 32,
        "separation": 8,
        "salt": 165745296
      },
      "minecraft:village": {
        "spacing": 5,
        "separation": 2,
        "salt": 10387312
      },
      "minecraft:fortress": {
        "spacing": 27,
        "separation": 4,
        "salt": 30084232
      },
      "minecraft:desert_pyramid": {
        "spacing": 32,
        "separation": 8,
        "salt": 14357617
      },
      "minecraft:bastion_remnant": {
        "spacing": 3,
        "separation": 2,
        "salt": 30084232
      },
      "minecraft:stronghold": {
        "spacing": 1,
        "separation": 0,
        "salt": 0
      },
      "minecraft:monument": {
        "spacing": 32,
        "separation": 5,
        "salt": 10387313
      },
      "minecraft:swamp_hut": {
        "spacing": 32,
        "separation": 8,
        "salt": 14357620
      },
      "minecraft:endcity": {
        "spacing": 20,
        "separation": 11,
        "salt": 10387313
      },
      "minecraft:mineshaft": {
        "spacing": 1,
        "separation": 0,
        "salt": 0
      },
      "minecraft:igloo": {
        "spacing": 32,
        "separation": 8,
        "salt": 14357618
      },
      "minecraft:mansion": {
        "spacing": 80,
        "separation": 20,
        "salt": 10387319
      },
      "minecraft:buried_treasure": {
        "spacing": 1,
        "separation": 0,
        "salt": 0
      },
      "minecraft:ocean_ruin": {
        "spacing": 20,
        "separation": 8,
        "salt": 14357621
      },
      "minecraft:jungle_pyramid": {
        "spacing": 32,
        "separation": 8,
        "salt": 14357619
      },
      "minecraft:ruined_portal": {
        "spacing": 40,
        "separation": 15,
        "salt": 34222645
      },
      "minecraft:shipwreck": {
        "spacing": 24,
        "separation": 4,
        "salt": 165745295
      },
      "minecraft:nether_fossil": {
        "spacing": 2,
        "separation": 1,
        "salt": 14357921
      }
    }
  }
}
