{
	"feature": "minecraft:glowstone_extra",
	"placement": [
		{
			"type": "count",
			"count": {
				"type": "minecraft:biased_to_bottom",
				"value": {
					"min_inclusive": 0,
					"max_inclusive": 9
				}
			}
		},
		{
			"type": "minecraft:in_square"
		},
		{
			"type": "minecraft:height_range",
			"height": {
				"type": "minecraft:uniform",
				"min_inclusive": {
					"absolute": 4
				},
				"max_inclusive": {
					"absolute": 252
				}
			}
		},
		{
			"type": "minecraft:biome"
		}
	]
}
