{
  "type": "minecraft:decorated",
  "config": {
    "decorator": {
      "type": "minecraft:chance",
      "config": {
        "chance": 1
      }
    },
    "feature": {
      "type": "minecraft:decorated",
      "config": {
        "decorator": {
          "type": "minecraft:square",
          "config": {}
        },
        "feature": {
          "type": "minecraft:decorated",
          "config": {
            "decorator": {
              "type": "minecraft:count",
              "config": {
                "count": {
                  "type": "minecraft:uniform",
                  "value": {
                    "min_inclusive": 20,
                    "max_inclusive": 70
                  }
                }
              }
            },
            "feature": {
              "type": "minecraft:decorated",
              "config": {
                "decorator": {
                  "type": "minecraft:decorated",
                  "config": {
                    "outer": {
                      "type": "minecraft:heightmap",
                      "config": {
                        "heightmap": "WORLD_SURFACE"
                      }
                    },
                    "inner": {
                      "type": "minecraft:count_noise_biased",
                      "config": {
                        "noise_to_count_ratio": -1,
                        "noise_factor": 450,
                        "noise_offset": 0.325
                      }
                    }
                  }
                },
                "feature": {
                  "type": "minecraft:random_patch",
                  "config": {
                    "can_replace": false,
                    "project": false,
                    "need_water": false,
                    "xspread": 9,
                    "yspread": 0,
                    "zspread": 9,
                    "tries": 685,
                    "state_provider": {
                      "type": "minecraft:weighted_state_provider",
                      "entries": [
                        {
                          "weight": 12,
                          "data": {
                            "Name": "minecraft:terracotta"
                          }
                        },
                        {
                          "weight": 0,
                          "data": {
                            "Name": "minecraft:orange_terracotta"
                          }
                        },
                        {
                          "weight": 3,
                          "data": {
                            "Name": "minecraft:white_terracotta"
                          }
                        },
                        {
                          "weight": 3,
                          "data": {
                            "Name": "minecraft:light_gray_terracotta"
                          }
                        },
                        {
                          "weight": 0,
                          "data": {
                            "Name": "minecraft:red_terracotta"
                          }
                        },
                        {
                          "weight": 0,
                          "data": {
                            "Name": "minecraft:yellow_terracotta"
                          }
                        },
                        {
                          "weight": 3,
                          "data": {
                            "Name": "minecraft:brown_terracotta"
                          }
                        }
                      ]
                    },
                    "block_placer": {
                      "type": "minecraft:simple_block_placer"
                    },
                    "whitelist": [
                      {
                        "Name": "minecraft:terracotta"
                      },
                      {
                        "Name": "minecraft:orange_terracotta"
                      },
                      {
                        "Name": "minecraft:yellow_terracotta"
                      },
                      {
                        "Name": "minecraft:red_terracotta"
                      },
                      {
                        "Name": "minecraft:white_terracotta"
                      },
                      {
                        "Name": "minecraft:light_gray_terracotta"
                      },
                      {
                        "Name": "minecraft:brown_terracotta"
                      }
                    ],
                    "blacklist": []
                  }
                }
              }
            }
          }
        }
      }
    }
  }
}