{
  "type": "minecraft:random_selector",
  "config": {
    "features": [
      {
        "chance": 0.5,
        "feature": {
          "type": "minecraft:decorated",
          "config": {
            "decorator": {
              "type": "minecraft:count",
              "config": {
                "count": 100
              }
            },
            "feature": "terralith:mesa/spike"
          }
        }
      },
      {
        "chance": 0.2,
        "feature": {
          "type": "minecraft:decorated",
          "config": {
            "decorator": {
              "type": "minecraft:count",
              "config": {
                "count": 100
              }
            },
            "feature": "terralith:mesa/spike_above_test"
          }
        }
      }
    ],
    "default": {
      "type": "minecraft:decorated",
      "config": {
        "decorator": {
          "type": "minecraft:count",
          "config": {
            "count": 100
          }
        },
        "feature": "terralith:mesa/spike_small"
      }
    }
  }
}