{
  "type": "minecraft:decorated",
  "config": {
    "decorator": {
      "type": "minecraft:count_multilayer",
      "config": {
        "count": 120
      }
    },
    "feature": {
      "type": "minecraft:decorated",
      "config": {
        "decorator": {
          "type": "minecraft:count_noise_biased",
          "config": {
            "noise_to_count_ratio": 17,
            "noise_factor": 211,
            "noise_offset": 0.5
          }
        },
        "feature": {
          "type": "minecraft:decorated",
          "config": {
            "decorator": {
              "type": "minecraft:count_noise_biased",
              "config": {
                "noise_to_count_ratio": 18,
                "noise_factor": 211,
                "noise_offset": 0.0
              }
            },
            "feature": {
              "type": "minecraft:decorated",
              "config": {
                "decorator": {
                  "type": "minecraft:chance",
                  "config": {
                    "chance": 3500
                  }
                },
                "feature": {
                  "type": "minecraft:chorus_plant",
                  "config": {}
                }
              }
            }
          }
        }
      }
    }
  }
}
