{
  "type": "minecraft:ore",
  "config": {
    "size": 27,
    "discard_chance_on_air_exposure": 0,
    "targets": [
      {
        "target": {
          "predicate_type": "minecraft:block_match",
          "block": "minecraft:gravel"
        },
        "state": {
          "Name": "minecraft:soul_sand"
        }
      },
      {
        "target": {
          "predicate_type": "minecraft:block_match",
          "block": "minecraft:netherrack"
        },
        "state": {
          "Name": "minecraft:soul_sand"
        }
      }
    ]
  }
}
