{
  "type": "minecraft:vegetation_patch",
  "config": {
    "surface": "ceiling",
    "depth": {
      "type": "minecraft:uniform",
      "value": {
        "min_inclusive": 3,
        "max_inclusive": 5
      }
    },
    "vertical_range": 8,
    "extra_bottom_block_chance": 0,
    "extra_edge_column_chance": 0.5,
    "vegetation_chance": 0,
    "xz_radius": {
      "type": "minecraft:uniform",
      "value": {
        "min_inclusive": 1,
        "max_inclusive": 2
      }
    },
    "replaceable": "starmute:ssv_ceiling",
    "ground_state": {
      "type": "minecraft:simple_state_provider",
      "state": {
        "Name": "minecraft:soul_sand",
        "Properties": {}
      }
    },
    "vegetation_feature": {
      "feature": {
        "type": "minecraft:no_op",
        "config": {}
      },
      "placement": []
    }
  }
}
