{
  "type": "minecraft:decorated",
  "config": {
    "decorator": {
      "type": "minecraft:count_extra",
      "config": {
        "count": 128,
        "extra_count": 1000,
        "extra_chance": 1
      }
    },
    "feature": {
      "type": "minecraft:decorated",
      "config": {
        "decorator": {
          "type": "minecraft:decorated",
          "config": {
            "outer": {
              "type": "minecraft:square",
              "config": {}
            },
            "inner": {
              "type": "minecraft:range",
              "config": {
                "height":{
                  "type":"uniform",
                "min_inclusive": {
                  "absolute": 62
                },
                "max_inclusive": {
                  "absolute": 62
                }
              }
              }
            }
          }
        },
        "feature": {
          "type": "minecraft:disk",
          "config": {
            "state": {
              "Name": "minecraft:yellow_terracotta"
            },
            "radius": 1,
            "half_height": 0,
            "targets": [
              {
                "Name": "minecraft:gravel"
              },
              {
                "Name": "minecraft:sand"
              },
              {
                "Name": "minecraft:dirt"
              },
              {
                "Name": "minecraft:grass_block",
                "Properties": {
                  "snowy": "false"
                }
              },
              {
                "Name": "minecraft:calcite"
              },
              {
                "Name": "minecraft:red_sand"
              },
              {
                "Name": "minecraft:blackstone"
              },
              {
                "Name": "minecraft:basalt",
                "Properties": {
                  "axis": "y"
                }
              },
              {
                "Name": "minecraft:gravel"
              }
            ]
          }
        }
      }
    }
  }
}