{
  "type": "minecraft:decorated",
  "config": {
    "decorator": {
      "type": "minecraft:count_extra",
      "config": {
        "count": 90,
        "extra_count": 0,
        "extra_chance": 0
      }
    },
    "feature": {
      "type": "minecraft:decorated",
      "config": {
        "decorator": {
          "type": "minecraft:decorated",
          "config": {
            "outer": {
              "type": "minecraft:square",
              "config": {}
            },
            "inner": {
              "type": "minecraft:count_noise_biased",
              "config": {
                "noise_to_count_ratio": 5,
                "noise_factor": 70,
                "noise_offset": 0.3
              }
            }
          }
        },
        "feature": {
          "type": "minecraft:decorated",
          "config": {
            "decorator": {
              "type": "minecraft:range",
              "config": {
                "height": {
                  "min_inclusive": {
                    "absolute": 42
                  },
                  "max_inclusive": {
                    "absolute": 55
                  },
                  "type": "minecraft:uniform"
                }
              }
            },
            "feature": {
              "type": "minecraft:simple_block",
              "config": {
                "to_place": {
                  "type": "minecraft:simple_state_provider",
                  "state": {
                    "Name": "minecraft:campfire",
                    "Properties": {
                      "facing": "north",
                      "signal_fire": "true",
                      "lit": "true",
                      "waterlogged": "false"
                    }
                  }
                },
                "place_on": [
                  {
                    "Name": "minecraft:calcite"
                  },
                  {
                    "Name": "minecraft:stone"
                  }
                ],
                "place_in": [
                  {
                    "Name": "minecraft:calcite"
                  },
                  {
                    "Name": "minecraft:stone"
                  }
                ],
                "place_under": [
                  {
                    "Name": "minecraft:magma_block"
                  }
                ]
              }
            }
          }
        }
      }
    }
  }
}