{
  "type": "minecraft:tree",
  "config": {
    "ignore_vines": true,
    "force_dirt": true,
    "minimum_size": {
      "type": "minecraft:two_layers_feature_size",
      "min_clipped_height": 0,
      "limit": 1,
      "lower_size": 0,
      "upper_size": 0
    },
    "sapling_provider": {
                      "type": "minecraft:simple_state_provider",
                      "state": {
                        "Name": "minecraft:oak_sapling",
                        "Properties": {
                          "stage": "0"
                        }
                      }
                    },"dirt_provider": {
      "type": "minecraft:simple_state_provider",
      "state": {
        "Name": "minecraft:coarse_dirt"
      }
    },
    "trunk_provider": {
      "type": "minecraft:simple_state_provider",
      "state": {
        "Name": "minecraft:spruce_log",
        "Properties": {
          "axis": "y"
        }
      }
    },
    "foliage_provider": {
      "type": "minecraft:simple_state_provider",
      "state": {
        "Name": "minecraft:spruce_leaves",
        "Properties": {
          "distance": "7",
          "persistent": "false"
        }
      }
    },
    "trunk_placer": {
      "type": "minecraft:straight_trunk_placer",
      "base_height": 6,
      "height_rand_a": 2,
      "height_rand_b": 7
    },
    "foliage_placer": {
      "type": "minecraft:spruce_foliage_placer",
      "radius": {
        "type": "minecraft:uniform",
        "value": {
          "min_inclusive": 2,
          "max_inclusive": 3
        }
      },
      "offset": {
        "type": "minecraft:uniform",
        "value": {
          "min_inclusive": 0,
          "max_inclusive": 2
        }
      },
      "trunk_height": {
        "type": "minecraft:uniform",
        "value": {
          "min_inclusive": 1,
          "max_inclusive": 3
        }
      }
    },
    "decorators": []
  }
}