{
  "scale": 0.0,
  "effects": {
    "mood_sound": {
      "sound": "minecraft:ambient.cave",
      "tick_delay": 6000,
      "block_search_extent": 8,
      "offset": 2.0
    },
    "particle": {
        "options": {
    "type": "minecraft:falling_dust",
    "value": {
      "Name": "minecraft:sand",
      "Properties": {}
    }
  },
      "probability": 0.01
    },
    "sky_color": 8746857,
    "fog_color": 12295069,
    "water_color": 7856375,
    "water_fog_color": 329011
  },
  "surface_builder": "minecraft:desert",
  "carvers": {
    "air": [
      "terralith:noodle_ravine",
      "terralith:flat_cave",
      "terralith:tall_cave",
      "minecraft:prototype_cave",
     "minecraft:prototype_canyon",
"terralith:big_cave_entrance"    ]
  },
  "features": [

    [ 
      //"terralith:desert/top_sand",
      //"terralith:desert/red_regions_new",
      //"terralith:desert/red_regions_01",
      //"terralith:desert/red_regions_00",
      //"terralith:desert/red_regions_p01",
      //"terralith:desert/red_regions_p02"
      //"terralith:desert/red_regions_smoothed"
      "terralith:desert/ancient/red_regions"
    ],
    [
      "terralith:desert/nazca_lines_1",
      "terralith:desert/nazca_lines_2",
      "terralith:desert/nazca_lines_3",
      "terralith:desert/nazca_lines_4",
      "terralith:desert/nazca_lines_5",
      "terralith:desert/nazca_lines_6",
      "terralith:desert/nazca_lines_7",
      "minecraft:lake_lava"
    ],
    [],
    [
      "terralith:desert/ancient/cave_air",
      "terralith:desert/ancient/copper_junk",
      "terralith:desert/ancient/copper_junk_aboveground",
      "minecraft:fossil",
      "minecraft:monster_room"
    ],
    [
      "minecraft:desert_well"
      
    ],
    [],
    [
      "minecraft:prototype_ore_gravel",
      "minecraft:prototype_ore_granite",
      "minecraft:prototype_ore_tuff",
      "minecraft:prototype_ore_coal_upper",
      "minecraft:prototype_ore_coal_lower",
      "minecraft:prototype_ore_iron_upper",
      "minecraft:prototype_ore_iron_middle",
      "minecraft:prototype_ore_iron_small",
      "minecraft:prototype_ore_gold",
      "minecraft:prototype_ore_redstone",
      "minecraft:prototype_ore_redstone_lower",
      "minecraft:prototype_ore_diamond",
      "minecraft:ore_diamond_strip_mine",
      "minecraft:prototype_ore_diamond_large",
      "minecraft:prototype_ore_lapis",
      "minecraft:prototype_ore_lapis_buried",
      "minecraft:prototype_ore_copper",
      "minecraft:prototype_underwater_magma"
     // "terralith:desert/cnb_sandstone_214",
           // "terralith:desert/cnb_red_sandstone_214"
    ],
    [],
    [
      
      "minecraft:flower_default",
      "minecraft:patch_grass_badlands",
      "minecraft:patch_dead_bush_2",
      "minecraft:brown_mushroom_normal",
      "minecraft:red_mushroom_normal",
      "minecraft:patch_sugar_cane_desert",
      "minecraft:patch_pumpkin",
      "minecraft:patch_cactus_desert",
      "minecraft:prototype_glow_lichen",
"minecraft:prototype_spring_water",
      "minecraft:prototype_spring_lava"
    ],
    [
      //"terralith:desert/cnb_sandstone_huge",
      //"terralith:desert/cnb_sandstone_large",
      //"terralith:desert/cnb_sandstone_medium",
      //"terralith:desert/cnb_sandstone_small",
      //"terralith:desert/cnb_red_sandstone_huge",
      //"terralith:desert/cnb_red_sandstone_large",
      //"terralith:desert/cnb_red_sandstone_medium",
      //"terralith:desert/cnb_red_sandstone_small"
      "minecraft:freeze_top_layer",
      "terralith:cave/generic/kill_bad_leaves",
      "terralith:cave/desert/full/ceiling",
      "terralith:cave/desert/full/surface",
      "terralith:cave/desert/full/cracks",
      "terralith:cave/desert/full/lava",
      "terralith:cave/desert/full/dead_bush"
    ]
  ],
  "starts": [
    //"minecraft:village_desert",
    "minecraft:pillager_outpost",
    "minecraft:desert_pyramid",
    "minecraft:mineshaft",
    //"terralith:ancient_desert",
    "minecraft:stronghold",
    "minecraft:ruined_portal_desert"
  ],
  "spawners": {
    "monster": [
      {
        "type": "minecraft:spider",
        "weight": 100,
        "minCount": 4,
        "maxCount": 4
      },
      {
        "type": "minecraft:zombie",
        "weight": 19,
        "minCount": 4,
        "maxCount": 4
      },
      {
        "type": "minecraft:zombie_villager",
        "weight": 1,
        "minCount": 1,
        "maxCount": 1
      },
      {
        "type": "minecraft:skeleton",
        "weight": 100,
        "minCount": 4,
        "maxCount": 4
      },
      {
        "type": "minecraft:creeper",
        "weight": 100,
        "minCount": 4,
        "maxCount": 4
      },
      {
        "type": "minecraft:slime",
        "weight": 100,
        "minCount": 4,
        "maxCount": 4
      },
      {
        "type": "minecraft:enderman",
        "weight": 10,
        "minCount": 1,
        "maxCount": 4
      },
      {
        "type": "minecraft:witch",
        "weight": 5,
        "minCount": 1,
        "maxCount": 1
      },
      {
        "type": "minecraft:husk",
        "weight": 80,
        "minCount": 4,
        "maxCount": 4
      }
    ],
    "creature": [
      {
        "type": "minecraft:rabbit",
        "weight": 4,
        "minCount": 2,
        "maxCount": 3
      }
    ],
    "ambient": [
      {
        "type": "minecraft:bat",
        "weight": 10,
        "minCount": 8,
        "maxCount": 8
      }
    ],
    "water_creature": [],
    "water_ambient": [],
    "misc": [],
    "underground_water_creature": [
      {
        "type": "minecraft:glow_squid",
        "weight": 10,
        "minCount": 4,
        "maxCount": 6
      },
      {
        "type": "minecraft:axolotl",
        "weight": 10,
        "minCount": 4,
        "maxCount": 6
      }
    ]
  },
  "spawn_costs": {},
  "player_spawn_friendly": false,
  "precipitation": "none",
  "temperature": 2.0,
  "downfall": 0.0,
  "category": "desert",
  "depth": 0.225
}