{
  "scale": 0.3,
  "effects": {
    "mood_sound": {
      "sound": "minecraft:ambient.cave",
      "tick_delay": 6000,
      "block_search_extent": 8,
      "offset": 2.0
    },
    "grass_color_modifier": "swamp",
    "sky_color": 10858685, //7907327
    "foliage_color": 6975545,
    "fog_color": 12638403, //12638463
    "water_color": 6388580,
    "water_fog_color": 2302743
  },
  "surface_builder": "minecraft:swamp",
  "carvers": {
    "air": [
      "terralith:noodle_ravine",
      "terralith:flat_cave",
      "terralith:tall_cave",
      "minecraft:prototype_cave",
     "minecraft:prototype_canyon",
"terralith:big_cave_entrance"    ]
  },
  "features": [
    [
            "minecraft:sea_pickle",
      "terralith:swamp/sea_pickles"
    ],
    [
      "minecraft:lake_water",
      "minecraft:lake_lava"
    ],
    [],
    [
      "minecraft:monster_room",
      "minecraft:fossil"
    ],
    [],
    [],
    [
      "minecraft:prototype_ore_dirt",
      "minecraft:prototype_ore_gravel",
      "minecraft:prototype_ore_granite",
      "minecraft:prototype_ore_diorite",
      "minecraft:prototype_ore_andesite",
      "minecraft:prototype_ore_tuff",
      "minecraft:prototype_ore_coal_upper",
      "minecraft:prototype_ore_coal_lower",
      "minecraft:prototype_ore_iron_upper",
      "minecraft:prototype_ore_iron_middle",
      "minecraft:prototype_ore_iron_small",
      "minecraft:prototype_ore_gold",
      "minecraft:prototype_ore_redstone",
      "minecraft:prototype_ore_redstone_lower",
      "minecraft:prototype_ore_diamond",
      "minecraft:ore_diamond_strip_mine",
      "minecraft:prototype_ore_diamond_large",
      "minecraft:prototype_ore_lapis",
      "minecraft:prototype_ore_lapis_buried",
      "minecraft:prototype_ore_copper",
      "minecraft:prototype_underwater_magma",
      "minecraft:disk_clay"
    ],
    [],
    [
      "terralith:swamp/huge_tree",
      "terralith:swamp/mangrove_tree",
      "minecraft:flower_swamp",
      "minecraft:patch_grass_normal",
      "minecraft:patch_dead_bush",
      "minecraft:patch_waterlilly",
      "minecraft:brown_mushroom_swamp",
      "minecraft:red_mushroom_swamp",
      "minecraft:brown_mushroom_normal",
      "minecraft:red_mushroom_normal",
      "minecraft:patch_sugar_cane_swamp",
      "minecraft:patch_pumpkin",
      "terralith:swamp/candles",
      "minecraft:prototype_glow_lichen",
"minecraft:prototype_spring_water",
      "minecraft:prototype_spring_lava"
    ],
    [
      "minecraft:freeze_top_layer",
      "terralith:cave/generic/kill_bad_leaves",
      "terralith:cave/lush/calcite_geode_gen",
      "terralith:cave/lush/lush_caves_ceiling_vegetation",
      "terralith:cave/lush/cave_vines",
      "terralith:cave/lush/lush_caves_clay",
      "terralith:cave/lush/lush_caves_vegetation",
      "terralith:cave/lush/rooted_azalea_trees",
      "terralith:cave/lush/spore_blossom",
      "terralith:cave/lush/classic_vines_cave_feature",
      "terralith:cave/dripstone/large_dripstone",
      "terralith:cave/dripstone/iron_dripstone",
      "terralith:cave/dripstone/dripstone_cluster",
      "terralith:cave/dripstone/small_dripstone"
    ]
  ],
  "starts": [
    "minecraft:mineshaft",
    "minecraft:ruined_portal_swamp"
  ],
  "spawners": {
    "monster": [
      {
        "type": "minecraft:spider",
        "weight": 100,
        "minCount": 4,
        "maxCount": 4
      },
      {
        "type": "minecraft:zombie",
        "weight": 95,
        "minCount": 4,
        "maxCount": 4
      },
      {
        "type": "minecraft:zombie_villager",
        "weight": 5,
        "minCount": 1,
        "maxCount": 1
      },
      {
        "type": "minecraft:skeleton",
        "weight": 100,
        "minCount": 4,
        "maxCount": 4
      },
      {
        "type": "minecraft:creeper",
        "weight": 100,
        "minCount": 4,
        "maxCount": 4
      },
      {
        "type": "minecraft:slime",
        "weight": 100,
        "minCount": 4,
        "maxCount": 4
      },
      {
        "type": "minecraft:enderman",
        "weight": 10,
        "minCount": 1,
        "maxCount": 4
      },
      {
        "type": "minecraft:witch",
        "weight": 5,
        "minCount": 1,
        "maxCount": 1
      },
      {
        "type": "minecraft:slime",
        "weight": 1,
        "minCount": 1,
        "maxCount": 1
      }
    ],
    "creature": [
      {
        "type": "minecraft:sheep",
        "weight": 12,
        "minCount": 4,
        "maxCount": 4
      },
      {
        "type": "minecraft:pig",
        "weight": 10,
        "minCount": 4,
        "maxCount": 4
      },
      {
        "type": "minecraft:chicken",
        "weight": 10,
        "minCount": 4,
        "maxCount": 4
      },
      {
        "type": "minecraft:cow",
        "weight": 8,
        "minCount": 4,
        "maxCount": 4
      }
    ],
    "ambient": [
      {
        "type": "minecraft:bat",
        "weight": 10,
        "minCount": 8,
        "maxCount": 8
      }
    ],
    "water_creature": [],
    "water_ambient": [],
    "misc": [],
    "underground_water_creature": [
      {
        "type": "minecraft:glow_squid",
        "weight": 10,
        "minCount": 4,
        "maxCount": 6
      },
      {
        "type": "minecraft:axolotl",
        "weight": 10,
        "minCount": 4,
        "maxCount": 6
      }
    ]
  },
  "spawn_costs": {},
  "player_spawn_friendly": false,
  "precipitation": "rain",
  "temperature": 1.0,
  "downfall": 0.4,
  "category": "swamp",
  "depth": 0.075
}