{
  "scale": -0.02,
  "depth": -0.1,
  "effects": {
    "mood_sound": {
      "sound": "minecraft:ambient.cave",
      "tick_delay": 6000,
      "block_search_extent": 8,
      "offset": 2.0
    },
    "sky_color": 4294655, //7254527
    "foliage_color": 10387789,
    "grass_color": 10136764,
    "fog_color": 12638463,
    "water_color": 4445678,
    "water_fog_color": 329011
  },
  "surface_builder": "terralith:salt",
  "carvers": {
    "air": [
      "terralith:noodle_ravine",
      "terralith:flat_cave",
      "terralith:tall_cave",
      "minecraft:prototype_cave",
     "minecraft:prototype_canyon",
"terralith:big_cave_entrance"    ]
  },
  "features": [
    [
      "terralith:salt/geodes",
      "terralith:mountains/salt/purge_stone"
    ],
    [
    ],
    [],
    [
      "minecraft:monster_room"
    ],
    [],
    [],
    [
      "minecraft:prototype_ore_dirt",
      "minecraft:prototype_ore_gravel",
      "minecraft:prototype_ore_tuff",
      "minecraft:prototype_ore_coal_upper",
      "minecraft:prototype_ore_coal_lower",
      "minecraft:prototype_ore_iron_upper",
      "minecraft:prototype_ore_iron_middle",
      "minecraft:prototype_ore_iron_small",
      "minecraft:prototype_ore_gold",
      "minecraft:prototype_ore_redstone",
      "minecraft:prototype_ore_redstone_lower",
      "minecraft:prototype_ore_diamond",
      "minecraft:ore_diamond_strip_mine",
      "minecraft:prototype_ore_diamond_large",
      "minecraft:prototype_ore_lapis",
      "minecraft:prototype_ore_lapis_buried",
      "minecraft:prototype_ore_copper",
      "minecraft:prototype_underwater_magma",
      "minecraft:disk_sand",
      "minecraft:disk_clay",
      "minecraft:disk_gravel"
    ],
    [],
    [
      "minecraft:patch_grass_badlands",
      "minecraft:patch_dead_bush_badlands",
      "minecraft:brown_mushroom_normal",
      "minecraft:red_mushroom_normal",
      "minecraft:patch_sugar_cane_badlands",
      "minecraft:patch_pumpkin",
      "minecraft:patch_cactus_decorated",
      "minecraft:prototype_glow_lichen",
"minecraft:prototype_spring_water",
      "minecraft:prototype_spring_lava",
      "terralith:salt/diorite_cracks_1",
      "terralith:salt/diorite_cracks_2",
      "terralith:salt/diorite_cracks_3",
      "terralith:salt/diorite_cracks_4",
      "terralith:salt/diorite_cracks_5"
    ],
    [
      "terralith:cave/lush/calcite_geode_gen",
      "terralith:cave/lush/lush_caves_ceiling_vegetation",
      "terralith:cave/lush/cave_vines",
      "terralith:cave/lush/lush_caves_clay",
      "terralith:cave/lush/lush_caves_vegetation",
      "terralith:cave/lush/rooted_azalea_trees",
      "terralith:cave/lush/spore_blossom",
      "terralith:cave/lush/classic_vines_cave_feature",
      "terralith:cave/dripstone/large_dripstone",
      "terralith:cave/dripstone/iron_dripstone",
      "terralith:cave/dripstone/dripstone_cluster",
      "terralith:cave/dripstone/small_dripstone"
    ]
  ],
  "starts": [
    "minecraft:mineshaft",
    "minecraft:stronghold",
    "minecraft:ruined_portal_mountain"
  ],
  "spawners": {
    "monster": [
      {
        "type": "minecraft:spider",
        "weight": 100,
        "minCount": 4,
        "maxCount": 4
      },
      {
        "type": "minecraft:zombie",
        "weight": 95,
        "minCount": 4,
        "maxCount": 4
      },
      {
        "type": "minecraft:zombie_villager",
        "weight": 5,
        "minCount": 1,
        "maxCount": 1
      },
      {
        "type": "minecraft:skeleton",
        "weight": 100,
        "minCount": 4,
        "maxCount": 4
      },
      {
        "type": "minecraft:creeper",
        "weight": 100,
        "minCount": 4,
        "maxCount": 4
      },
      {
        "type": "minecraft:slime",
        "weight": 100,
        "minCount": 4,
        "maxCount": 4
      },
      {
        "type": "minecraft:enderman",
        "weight": 10,
        "minCount": 1,
        "maxCount": 4
      },
      {
        "type": "minecraft:witch",
        "weight": 5,
        "minCount": 1,
        "maxCount": 1
      }
    ],
    "creature": [],
    "ambient": [
      {
        "type": "minecraft:bat",
        "weight": 10,
        "minCount": 8,
        "maxCount": 8
      }
    ],
    "water_creature": [],
    "water_ambient": [],
    "misc": [],
    "underground_water_creature": [
      {
        "type": "minecraft:glow_squid",
        "weight": 10,
        "minCount": 4,
        "maxCount": 6
      },
      {
        "type": "minecraft:axolotl",
        "weight": 10,
        "minCount": 4,
        "maxCount": 6
      }
    ]
  },
  "spawn_costs": {},
  "player_spawn_friendly": false,
  "precipitation": "none",
  "temperature": 2.0,
  "downfall": 0.0,
  "category": "mesa"
}