{
  "scale": 0.775,
  "effects": {
    "mood_sound": {
      "sound": "minecraft:ambient.cave",
      "tick_delay": 6000,
      "block_search_extent": 8,
      "offset": 2.0
    },
    "sky_color": 7842047,
    "fog_color": 14739967,
    "grass_color":13029527,
    "water_color": 7856375, //7856375
    "water_fog_color": 329011
  },
  "surface_builder": "terralith:yellowstone",
  "carvers": {
    "air": [
      "terralith:noodle_ravine",
      "terralith:flat_cave",
      "terralith:tall_cave",
      "minecraft:prototype_cave",
      "minecraft:prototype_canyon",
      "terralith:big_cave_entrance"
    ]
  },
  "features": [
    [
      "terralith:cave/generic/anti_calcite",
      "terralith:yellowstone/acid_yellow",
      "terralith:yellowstone/acid_orange",
      "terralith:yellowstone/acid_black",
      "terralith:yellowstone/acid_basalt",
      "terralith:yellowstone/acid_gravel"
    ],
    [
      //"minecraft:lake_water",
      "minecraft:lake_lava"
    ],
    [],
    [
      "minecraft:amethyst_geode",
      "minecraft:monster_room"
    ],
    [],
    [
      //"terralith:yellowstone/new/highlands",
      "terralith:yellowstone/new/midlands",
      "terralith:yellowstone/new/lowlands",
      "terralith:yellowstone/lowlands_old"
    ],
    [
      "terralith:yellowstone/testing/test_disk",
      "minecraft:prototype_ore_dirt",
      "minecraft:prototype_ore_gravel",
      "minecraft:prototype_ore_granite",
      "minecraft:prototype_ore_diorite",
      "minecraft:prototype_ore_andesite",
      "minecraft:prototype_ore_tuff",
      "minecraft:prototype_ore_coal_upper",
      "minecraft:prototype_ore_coal_lower",
      "minecraft:prototype_ore_iron_upper",
      "minecraft:prototype_ore_iron_middle",
      "minecraft:prototype_ore_iron_small",
      "minecraft:prototype_ore_gold",
      "minecraft:prototype_ore_redstone",
      "minecraft:prototype_ore_redstone_lower",
      "minecraft:prototype_ore_diamond",
      "minecraft:ore_diamond_strip_mine",
      "minecraft:prototype_ore_diamond_large",
      "minecraft:prototype_ore_lapis",
      "minecraft:prototype_ore_lapis_buried",
      "minecraft:prototype_ore_copper",
      "minecraft:prototype_underwater_magma",
      "minecraft:disk_sand",
      "minecraft:disk_clay",
      "minecraft:disk_gravel",
      "terralith:yellowstone/magma",
      "terralith:yellowstone/smoke"
    ],
    [],
    [
      "terralith:yellowstone/spruce_trees_big",
      "terralith:yellowstone/spruce_trees_big_alt",
      "terralith:yellowstone/birch_trees",
      "terralith:yellowstone/birch_trees_alt",
      "minecraft:flower_warm",
      "minecraft:patch_grass_jungle",
      "minecraft:brown_mushroom_normal",
      "minecraft:red_mushroom_normal",
      "minecraft:patch_sugar_cane",
      "minecraft:patch_pumpkin",
"minecraft:prototype_spring_water",
      "minecraft:prototype_spring_lava"
    ],
    [
      "minecraft:freeze_top_layer",
      "terralith:cave/generic/kill_bad_leaves",
      "terralith:cave/generic/tiles_full",
      "terralith:cave/mantle/full/yellowstone_deepslate",
      "terralith:cave/mantle/full/gen_pillars",
      "terralith:cave/mantle/full/ceiling",
      "terralith:cave/mantle/full/ceiling_lava",
      "terralith:cave/mantle/full/magma",
      "terralith:cave/mantle/full/lava_fountain",
      "terralith:cave/mantle/full/geyser"
    ]
  ],
  "starts": [
    "minecraft:mineshaft",
    "minecraft:stronghold",
    "minecraft:ruined_portal_jungle"
  ],
  "spawners": {
    "monster": [
      {
        "type": "minecraft:spider",
        "weight": 100,
        "minCount": 4,
        "maxCount": 4
      },
      {
        "type": "minecraft:zombie",
        "weight": 95,
        "minCount": 4,
        "maxCount": 4
      },
      {
        "type": "minecraft:zombie_villager",
        "weight": 5,
        "minCount": 1,
        "maxCount": 1
      },
      {
        "type": "minecraft:skeleton",
        "weight": 100,
        "minCount": 4,
        "maxCount": 4
      },
      {
        "type": "minecraft:creeper",
        "weight": 100,
        "minCount": 4,
        "maxCount": 4
      },
      {
        "type": "minecraft:slime",
        "weight": 100,
        "minCount": 4,
        "maxCount": 4
      },
      {
        "type": "minecraft:enderman",
        "weight": 10,
        "minCount": 1,
        "maxCount": 4
      },
      {
        "type": "minecraft:witch",
        "weight": 5,
        "minCount": 1,
        "maxCount": 1
      }
    ],
    "creature": [
      {
        "type": "minecraft:sheep",
        "weight": 12,
        "minCount": 4,
        "maxCount": 4
      },
      {
        "type": "minecraft:pig",
        "weight": 10,
        "minCount": 4,
        "maxCount": 4
      },
      {
        "type": "minecraft:chicken",
        "weight": 10,
        "minCount": 4,
        "maxCount": 4
      },
      {
        "type": "minecraft:cow",
        "weight": 8,
        "minCount": 4,
        "maxCount": 4
      },
      {
        "type": "minecraft:chicken",
        "weight": 10,
        "minCount": 4,
        "maxCount": 4
      }
    ],
    "ambient": [
      {
        "type": "minecraft:bat",
        "weight": 10,
        "minCount": 8,
        "maxCount": 8
      }
    ],
    "water_creature": [],
    "water_ambient": [],
    "misc": [],
    "underground_water_creature": [
      {
        "type": "minecraft:glow_squid",
        "weight": 10,
        "minCount": 4,
        "maxCount": 6
      },
      {
        "type": "minecraft:axolotl",
        "weight": 10,
        "minCount": 4,
        "maxCount": 6
      }
    ]
  },
  "spawn_costs": {},
  "player_spawn_friendly": true,
  "precipitation": "rain",
  "temperature": 0.95,
  "downfall": 0.8,
  "category": "forest",
  "depth": 0.2285
}