{
  "type": "minecraft:decorated",
  "config": {
    "decorator": {
      "type": "minecraft:count_extra",
      "config": {
        "count": 160,
        "extra_count": 0,
        "extra_chance": 0
      }
    },
    "feature": {
      "type": "minecraft:decorated",
      "config": {
        "decorator": {
          "type": "minecraft:decorated",
          "config": {
            "outer": {
              "type": "minecraft:square",
              "config": {}
            },
            "inner": {
              "type": "minecraft:count_noise_biased",
              "config": {
                "noise_to_count_ratio": 5,
                "noise_factor": 160,
                "noise_offset": 0.8
              }
            }
          }
        },
        "feature": {
          "type": "minecraft:decorated",
          "config": {
            "decorator": {
              "type": "minecraft:range",
              "config": {
                "height": {
                  "type": "minecraft:trapezoid",
                  "min_inclusive": {
                    "absolute": 106
                  },
                  "max_inclusive": {
                    "absolute": 135
                  }
                }
              }
            },
            "feature": {
              "type": "minecraft:decorated",
              "config": {
                "decorator": {
                  "type": "minecraft:cave_surface",
                  "config": {
                    "surface": "floor",
                    "floor_to_ceiling_search_range": 40
                  }
                },
                "feature": {
                  "type": "minecraft:vegetation_patch",
                  "config": {
                    "surface": "floor",
                    "depth": {
                      "type": "minecraft:uniform",
                      "value": {
                        "min_inclusive": 1,
                        "max_inclusive": 3
                      }
                    },
                    "vertical_range": 1,
                    "extra_bottom_block_chance": 0.5,
                    "extra_edge_column_chance": 0.5,
                    "vegetation_chance": 0.2,
                    "xz_radius": {
                      "type": "minecraft:uniform",
                      "value": {
                        "min_inclusive": 2,
                        "max_inclusive": 7
                      }
                    },
                    "replaceable": "terralith:calcite",
                    "ground_state": {
                      "type": "minecraft:weighted_state_provider",
                      "entries": [
                        {
                          "weight": 5,
                          "data": {
                            "Name": "minecraft:coarse_dirt"
                          }
                        },
                        {
                          "weight": 95,
                          "data": {
                            "Name": "minecraft:calcite"
                          }
                        }
                      ]
                    },
                    "vegetation_feature": {
                      "type": "minecraft:netherrack_replace_blobs",
                      "config": {
                        "state": {
                          "Name": "minecraft:coarse_dirt"
                        },
                        "target": {
                          "Name": "minecraft:calcite"
                        },
                        "radius": {
                          "type": "minecraft:uniform",
                          "value": {
                            "min_inclusive": 0,
                            "max_inclusive": 1
                          }
                        }
                      }
                    }
                  }
                }
              }
            }
          }
        }
      }
    }
  }
}
