{
  "type": "minecraft:canyon",
  "config": {
    "probability": 0.0005,
    "y": {
      "type": "minecraft:uniform",
      "min_inclusive": {
        "absolute": -30
      },
      "max_inclusive": {
        "absolute": 70
      }
    },
    "yScale": 13,
    "lava_level": {
      "above_bottom": 8
    },
    "aquifers_enabled": true,
    "debug_settings": {
      "debug_mode": true,
      "air_state": {
        "Name": "minecraft:cave_air",
        "Properties": {
          "powered": "false",
          "facing": "north",
          "face": "wall"
        }
      },
      "water_state": {
        "Name": "minecraft:cave_air",
        "Properties": {
          "waterlogged": "false",
          "lit": "false",
          "candles": "1"
        }
      },
      "lava_state": {
        "Name": "minecraft:lava","Properties":{"level":"0"}
      },
      "barrier_state": {
        "Name": "minecraft:cave_air"
      }
    },
    "vertical_rotation": {
      "type": "minecraft:uniform",
      "value": {
        "min_inclusive": -1,
        "max_exclusive": 1
      }
    },
    "vertical_rotation": {
      "type": "minecraft:uniform",
      "value": {
        "min_inclusive": -0.185,
        "max_exclusive": 0.185
      }
    },
    "shape": {
      "distance_factor": {
        "type": "minecraft:uniform",
        "value": {
          "min_inclusive": 0.75,
          "max_exclusive": 1.25
        }
      },
      "thickness": {
        "type": "minecraft:trapezoid",
        "value": {
          "min": 5,
          "max": 12,
          "plateau": 2
        }
      },
      "width_smoothness": 3,
      "horizontal_radius_factor": {
        "type": "minecraft:uniform",
        "value": {
          "min_inclusive": 0.75,
          "max_exclusive": 1
        }
      },
      "vertical_radius_default_factor": 1,
      "vertical_radius_center_factor": 0
    }
  }
}
