{
  "type": "minecraft:canyon",
  "config": {
    "probability": 0.1,
    "y": {
      "type": "minecraft:uniform",
      "min_inclusive": {
        "absolute": -50
      },
      "max_inclusive": {
        "absolute": 75
      }
    },
    "yScale": {
      "type": "minecraft:uniform",
      "value": {
        "min_inclusive": 1,
        "max_exclusive": 1.5
      }
    },
    "lava_level": {
      "above_bottom": 8
    },
    "aquifers_enabled": true,
    "debug_settings": {
      "debug_mode": true,
      "air_state": {
        "Name": "minecraft:void_air",
        "Properties": {}
      },
      "water_state": {
        "Name": "minecraft:cave_air",
        "Properties": {}
      },
      "lava_state": {
        "Name": "minecraft:lava",
        "Properties": {
          "level": "0"
        }
      },
      "barrier_state": {
        "Name": "minecraft:stone"
      }
    },
    "vertical_rotation": {
      "type": "minecraft:uniform",
      "value": {
        "min_inclusive": -1,
        "max_exclusive": 1
      }
    },
    "shape": {
      "distance_factor": {
        "type": "minecraft:trapezoid",
        "value": {
          "min": 50,
          "max": 160,
          "plateau": 0
        }
      },
      "thickness": {
        "type": "minecraft:trapezoid",
        "value": {
          "min": 0,
          "max": 8,
          "plateau": 2
        }
      },
      "width_smoothness": 15,
      "horizontal_radius_factor": {
        "type": "minecraft:uniform",
        "value": {
          "min_inclusive": 1.0,
          "max_exclusive": 1.65
        }
      },
      "vertical_radius_default_factor": 0.5,
      "vertical_radius_center_factor": 1
    }
  }
}
