{
	"feature": "nullscape:shadow/amethyst_base",
	"placement": [
		{
			"type": "minecraft:count",
			"count": 225
		},
		{
			"type": "minecraft:count",
			"count": 12
		},
		{
			"type": "minecraft:in_square"
		},
		{
			"type": "minecraft:height_range",
			"height": {
				"type": "minecraft:uniform",
				"min_inclusive": {
					"above_bottom": 0
				},
				"max_inclusive": {
					"below_top": 0
				}
			}
		},
		{
			"type": "minecraft:noise_based_count",
			"noise_to_count_ratio": 1,
			"noise_factor": 140,
			"noise_offset": 0.12
		},
		{
			"type": "minecraft:noise_based_count",
			"noise_to_count_ratio": -1,
			"noise_factor": 140,
			"noise_offset": -0.12
		},
		{
			"type": "minecraft:noise_based_count",
			"noise_to_count_ratio": 1,
			"noise_factor": 337,
			"noise_offset": -0.45
		},
    {"type":"biome"}
	]
}
