{
  "feature": {
    "type": "minecraft:vegetation_patch",
    "config": {
      "surface": "floor",
      "depth": {
        "type": "minecraft:biased_to_bottom",
        "value": {
          "min_inclusive": 6,
          "max_inclusive": 8
        }
      },
      "vertical_range": 4,
      "extra_bottom_block_chance": 0,
      "extra_edge_column_chance": 0.5,
      "vegetation_chance": 0.65,
      "xz_radius": {
        "type": "minecraft:uniform",
        "value": {
          "min_inclusive": 1,
          "max_inclusive": 2
        }
      },
      "replaceable": "nullscape:amethyst_cut",
      "ground_state": {
        "type": "minecraft:dual_noise_provider",
        "seed": 0,
        "noise": {
          "firstOctave": -2,
          "amplitudes": [
            0,
            0,
            0
          ]
        },
        "scale": 1,
        "variety": {
          "min_inclusive": 24,
          "max_inclusive": 26
        },
        "slow_noise": {
          "firstOctave": -8,
          "amplitudes": [
            1.95,
            1.25,
            0.75,
            1.95
          ]
        },
        "slow_scale": 1,
        "states": [
          {
            "Name": "minecraft:dead_fire_coral_block"
          },
          {
            "Name": "minecraft:dead_fire_coral_block"
          },
          {
            "Name": "minecraft:dead_fire_coral_block"
          },
          {
            "Name": "minecraft:dead_fire_coral_block"
          },
          {
            "Name": "minecraft:dead_fire_coral_block"
          },
          {
            "Name": "minecraft:dead_fire_coral_block"
          },
          {
            "Name": "minecraft:dead_fire_coral_block"
          },
          {
            "Name": "minecraft:dead_fire_coral_block"
          },
          {
            "Name": "minecraft:dead_bubble_coral_block"
          },
          {
            "Name": "minecraft:dead_bubble_coral_block"
          },
          {
            "Name": "minecraft:dead_bubble_coral_block"
          },
          {
            "Name": "minecraft:dead_bubble_coral_block"
          },
          {
            "Name": "minecraft:dead_tube_coral_block"
          },
          {
            "Name": "minecraft:dead_tube_coral_block"
          },
          {
            "Name": "minecraft:dead_tube_coral_block"
          },
          {
            "Name": "minecraft:dead_tube_coral_block"
          },
          {
            "Name": "minecraft:dead_horn_coral_block"
          },
          {
            "Name": "minecraft:dead_horn_coral_block"
          },
          {
            "Name": "minecraft:dead_horn_coral_block"
          },
          {
            "Name": "minecraft:dead_horn_coral_block"
          },
          {
            "Name": "minecraft:basalt",
            "Properties": {
              "axis": "y"
            }
          },
          {
            "Name": "minecraft:smooth_basalt"
          },
          {
            "Name": "minecraft:blackstone"
          },
          {
            "Name": "minecraft:amethyst_block"
          },
          {
            "Name": "minecraft:amethyst_block"
          },
          {
            "Name": "minecraft:amethyst_block"
          },
          {
            "Name": "minecraft:blackstone"
          },
          {
            "Name": "minecraft:smooth_basalt"
          },
          {
            "Name": "minecraft:basalt",
            "Properties": {
              "axis": "y"
            }
          },
          {
            "Name": "minecraft:dead_horn_coral_block"
          },
          {
            "Name": "minecraft:dead_horn_coral_block"
          },
          {
            "Name": "minecraft:dead_horn_coral_block"
          },
          {
            "Name": "minecraft:dead_horn_coral_block"
          },
          {
            "Name": "minecraft:dead_tube_coral_block"
          },
          {
            "Name": "minecraft:dead_tube_coral_block"
          },
          {
            "Name": "minecraft:dead_tube_coral_block"
          },
          {
            "Name": "minecraft:dead_tube_coral_block"
          },
          {
            "Name": "minecraft:dead_bubble_coral_block"
          },
          {
            "Name": "minecraft:dead_bubble_coral_block"
          },
          {
            "Name": "minecraft:dead_bubble_coral_block"
          },
          {
            "Name": "minecraft:dead_bubble_coral_block"
          },
          {
            "Name": "minecraft:dead_fire_coral_block"
          },
          {
            "Name": "minecraft:dead_fire_coral_block"
          },
          {
            "Name": "minecraft:dead_fire_coral_block"
          },
          {
            "Name": "minecraft:dead_fire_coral_block"
          },
          {
            "Name": "minecraft:dead_fire_coral_block"
          },
          {
            "Name": "minecraft:dead_fire_coral_block"
          },
          {
            "Name": "minecraft:dead_fire_coral_block"
          },
          {
            "Name": "minecraft:dead_fire_coral_block"
          }
        ]
      },
      "vegetation_feature": {
        "feature": {
          "type": "minecraft:netherrack_replace_blobs",
          "config": {
            "state": {
              "Name": "minecraft:air"
            },
            "target": {
              "Name": "minecraft:amethyst_block"
            },
            "radius": {
              "type": "minecraft:clamped",
              "value": {
                "min_inclusive": 0,
                "max_inclusive": 1,
                "source": {
                  "type": "minecraft:biased_to_bottom",
                  "value": {
                    "min_inclusive": 0,
                    "max_inclusive": 0
                  }
                }
              }
            }
          }
        },
        "placement": [
          {
            "type": "minecraft:count",
            "count": {
              "type": "minecraft:biased_to_bottom",
              "value": {
                "min_inclusive": 1,
                "max_inclusive": 4
              }
            }
          }
        ]
      }
    }
  },
  "placement": [
    {
      "type": "minecraft:count_on_every_layer",
      "count": 20
    },
    {
      "type": "minecraft:noise_based_count",
      "noise_to_count_ratio": 1,
      "noise_factor": 381,
      "noise_offset": -0.25
    },
    {
      "type": "minecraft:biome"
    }
  ]
}
