{
  "type": "minecraft:decorated",
  "config": {
    "decorator": {
      "type": "minecraft:count",
      "config": {
        "count": 32
      }
    },
    "feature": {
      "type": "minecraft:decorated",
      "config": {
        "decorator": {
          "type": "minecraft:square",
          "config": {}
        },
        "feature": {
          "type": "minecraft:decorated",
          "config": {
            "decorator": {
              "type": "minecraft:decorated",
              "config": {
                "outer": {
                  "type": "minecraft:heightmap",
                  "config": {
                    "heightmap": "WORLD_SURFACE_WG"
                  }
                },
                "inner": {
                  "type": "minecraft:count_noise_biased",
                  "config": {
                    "noise_to_count_ratio": 1,
                    "noise_factor": 99,
                    "noise_offset": -0.221
                  }
                }
              }
            },
            "feature": {
              "type": "minecraft:vegetation_patch",
              "config": {
                "surface": "floor",
                "depth": 1,
                "vertical_range": 1,
                "extra_bottom_block_chance": 0,
                "extra_edge_column_chance": 0.5,
                "vegetation_chance": 1,
                "xz_radius": {
                  "type": "minecraft:uniform",
                  "value": {
                    "min_inclusive": 0,
                    "max_inclusive": 3
                  }
                },
                "replaceable": "terralith:podzol_replaceable",
                "ground_state": {
                  "type": "minecraft:simple_state_provider",
                  "state": {
                    "Name": "minecraft:podzol",
                    "Properties": {
                      "snowy": "false"
                    }
                  }
                },
                "vegetation_feature": {
                  "type": "minecraft:random_selector",
                  "config": {
                    "features": [
                      {
                        "chance": 0.4,
                        "feature": {
                          "type": "minecraft:ore",
                          "config": {
                            "size": 39,
                            "discard_chance_on_air_exposure": 0,
                            "targets": [
                              {
                                "target": {
                                  "predicate_type": "minecraft:random_block_match",
                                  "block": "minecraft:rooted_dirt",
                                  "probability": 0.13
                                },
                                "state": {
                                  "Name": "minecraft:coarse_dirt"
                                }
                              },
                              {
                                "target": {
                                  "predicate_type": "minecraft:random_block_match",
                                  "block": "minecraft:mycelium",
                                  "probability": 0.17
                                },
                                "state": {
                                  "Name": "minecraft:coarse_dirt"
                                }
                              }
                            ]
                          }
                        }
                      },
                      {
                        "chance": 0.5,
                        "feature": {
                          "type": "minecraft:ore",
                          "config": {
                            "size": 64,
                            "discard_chance_on_air_exposure": 0,
                            "targets": [
                              {
                                "target": {
                                  "predicate_type": "minecraft:random_block_match",
                                  "block": "minecraft:mycelium",
                                  "probability": 0.15
                                },
                                "state": {
                                  "Name": "minecraft:rooted_dirt"
                                }
                              }
                            ]
                          }
                        }
                      }
                    ],
                    "default": "terralith:nothing"
                  }
                }
              }
            }
          }
        }
      }
    }
  }
}
