{
  "type": "minecraft:decorated",
  "config": {
    "decorator": {
      "type": "minecraft:count",
      "config": {
        "count": 96
      }
    },
    "feature": {
      "type": "minecraft:decorated",
      "config": {
        "decorator": {
          "type": "minecraft:square",
          "config": {}
        },
        "feature": {
          "type": "minecraft:decorated",
          "config": {
            "decorator": {
              "type": "minecraft:decorated",
              "config": {
                "outer": {
                  "type": "minecraft:heightmap",
                  "config": {
                    "heightmap": "WORLD_SURFACE_WG"
                  }
                },
                "inner": {
                  "type": "minecraft:decorated",
                  "config": {
                    "outer": {
                      "type": "minecraft:count_noise_biased",
                      "config": {
                        "noise_to_count_ratio": -8,
                        "noise_factor": 172,
                        "noise_offset": 0.1
                      }
                    },
                    "inner": {
                      "type": "minecraft:chance",
                      "config": {
                        "chance": 128
                      }
                    }
                  }
                }
              }
            },
            "feature": {
              "type": "minecraft:random_patch",
              "config": {
                "can_replace": false,
                "project": true,
                "need_water": false,
                "xspread": 12,
                "yspread": 3,
                "zspread": 12,
                "tries": 32,
                "state_provider": {
                  "type": "minecraft:simple_state_provider",
                  "state": {
                    "Name": "minecraft:red_mushroom"
                  }
                },
                "block_placer": {
                  "type": "minecraft:simple_block_placer"
                },
                "whitelist": [],
                "blacklist": []
              }
            }
          }
        }
      }
    }
  }
}
