{
  "type": "minecraft:decorated",
  "config": {
    "decorator": {
      "type": "minecraft:decorated",
      "config": {
        "outer": {
          "type": "minecraft:count",
          "config": {
            "count": 20
          }
        },
        "inner": {
          "type": "minecraft:decorated",
          "config": {
            "outer": {
              "type": "minecraft:square",
              "config": {}
            },
            "inner": {
              "type": "minecraft:heightmap",
              "config": {
                "heightmap": "WORLD_SURFACE"
              }
            }
          }
        }
      }
    },
    "feature": {
      "type": "minecraft:random_selector",
      "config": {
        "features": [
          {
            "chance": 0.25,
            "feature": "minecraft:huge_brown_mushroom"
          },
          {
            "chance": 0.125,
            "feature": "terralith:mushroom/brown_mushroom"
          },
          {
            "chance": 0.05,
            "feature": "terralith:mushroom/brown_mushroom_2"
          },
          {
            "chance": 0.05,
            "feature": "terralith:mushroom/brown_small"
          },
          {
            "chance": 0.25,
            "feature": "minecraft:huge_red_mushroom"
          },
          {
            "chance": 0.125,
            "feature": "terralith:mushroom/red_mushroom"
          },
          {
            "chance": 0.065,
            "feature": "terralith:mushroom/red_mushroom_2"
          }
        ],
        "default": "terralith:nothing"
      }
    }
  }
}