{
  "type": "minecraft:decorated",
  "config": {
    "decorator": {
      "type": "minecraft:heightmap",
      "config": {
        "heightmap": "WORLD_SURFACE"
      }
    },
    "feature": {
      "type": "minecraft:vegetation_patch",
      "config": {
        "surface": "floor",
        "depth": 1,
        "vertical_range": 1,
        "extra_bottom_block_chance": 0,
        "extra_edge_column_chance": 0,
        "vegetation_chance": 1,
        "xz_radius": 16,
        "replaceable": "terralith:tophack/lime_concrete",
        "ground_state": {
          "type": "minecraft:simple_state_provider",
          "state": {
            "Name": "minecraft:air"
          }
        },
        "vegetation_feature": {
          "type": "minecraft:decorated",
          "config": {
            "decorator": {
              "type": "minecraft:count_noise_biased",
              "config": {
                "noise_to_count_ratio": 29,
                "noise_factor": 49.5,
                "noise_offset": 1
              }
            },
            "feature": {
              "type": "minecraft:decorated",
              "config": {
                "decorator": {
                  "type": "minecraft:count_noise_biased",
                  "config": {
                    "noise_to_count_ratio": -1,
                    "noise_factor": 49.5,
                    "noise_offset": 0.7
                  }
                },
                "feature": {
                  "type": "minecraft:decorated",
                  "config": {
                    "decorator": {
                      "type": "minecraft:heightmap",
                      "config": {
                        "heightmap": "OCEAN_FLOOR"
                      }
                    },
                    "feature": {
                      "type": "minecraft:growing_plant",
                      "config": {
                        "direction": "up",
                        "allow_water": true,
                        "height_distribution": [
                          {
                            "weight": 1,
                            "data": 1
                          }
                        ],
                        "body_provider": {
                          "type": "minecraft:simple_state_provider",
                          "state": {
                            "Name": "minecraft:magma_block"
                          }
                        },
                        "head_provider": {
                          "type": "minecraft:weighted_state_provider",
                          "entries": [
                            {
                              "weight": 1,
                              "data": {
                                "Name": "minecraft:magma_block"
                              }
                            },
                            {
                              "weight": 4,
                              "data": {
                                "Name": "minecraft:blackstone"
                              }
                            }
                          ]
                        }
                      }
                    }
                  }
                }
              }
            }
          }
        }
      }
    }
  }
}
