{
  "type": "minecraft:tree",
  "config": {
    "ignore_vines": true,
    "minimum_size": {
      "type": "minecraft:two_layers_feature_size",
      "limit": 2,
      "lower_size": 0,
      "upper_size": 2
    },
    "sapling_provider": {
                      "type": "minecraft:simple_state_provider",
                      "state": {
                        "Name": "minecraft:oak_sapling",
                        "Properties": {
                          "stage": "0"
                        }
                      }
                    },"dirt_provider": {
      "type": "minecraft:simple_state_provider",
      "state": {
        "Name": "minecraft:dirt"
      }
    },
    "trunk_provider": {
      "type": "minecraft:simple_state_provider",
      "state": {
        "Name": "minecraft:oak_log",
        "Properties": {
          "axis": "y"
        }
      }
    },
    "foliage_provider": {
      "type": "minecraft:simple_state_provider",
      "state": {
        "Name": "minecraft:oak_leaves",
        "Properties":{"distance":"7","persistent":"false"}
      }
    },
    "trunk_placer": {
      "type": "minecraft:straight_trunk_placer",
      "base_height": 9,
      "height_rand_a": 2,
      "height_rand_b": 4
    },
    "foliage_placer": {
      "type": "minecraft:mega_pine_foliage_placer",
      "radius": 0,
      "offset": {
        "type": "minecraft:uniform",
        "value": {
          "min_inclusive": 0,
          "max_inclusive": 3
        }
      },
      "crown_height": {
        "type": "minecraft:uniform",
        "value": {
          "min_inclusive": 9,
          "max_inclusive": 13
        }
      }
    },
    "decorators": []
  }
}