{
  "config": {
    "feature": {
      "config": {
        "feature": {
          "config": {
            "features": [
              {
                "feature": "terralith:taiga/lush/small_tree",
                "chance": 0.33333334
              },
              {
                "feature": "terralith:taiga/mid/spruce_mid",
                "chance": 0.33333334
              }
            ],
            "default": "terralith:taiga/lush/medium_tree"
          },
          "type": "minecraft:random_selector"
        },
        "decorator": {
          "config": {
            "outer": {
              "config": {},
              "type": "minecraft:square"
            },
            "inner": {
              "config": {"heightmap":"WORLD_SURFACE"},
              "type": "minecraft:heightmap"
            }
          },
          "type": "minecraft:decorated"
        }
      },
      "type": "minecraft:decorated"
    },
    "decorator": {
      "config": {
        "count": 5,
        "extra_chance": 0.1,
        "extra_count": 1
      },
      "type": "minecraft:count_extra"
    }
  },
  "type": "minecraft:decorated"
}