{
  "argument": {
    "argument1": {
      "argument1": {
        "argument1": 2.0,
        "argument2": {
          "noise": "minecraft:pillar",
          "xz_scale": 25.0,
          "y_scale": 0.3,
          "type": "minecraft:noise"
        },
        "type": "minecraft:mul"
      },
      "argument2": {
        "argument1": -1.0,
        "argument2": {
          "argument1": -1.0,
          "argument2": {
            "noise": "minecraft:pillar_rareness",
            "xz_scale": 1.0,
            "y_scale": 1.0,
            "type": "minecraft:noise"
          },
          "type": "minecraft:mul"
        },
        "type": "minecraft:add"
      },
      "type": "minecraft:add"
    },
    "argument2": {
      "argument": {
        "argument1": 0.95,
        "argument2": {
          "argument1": 0.55,
          "argument2": {
            "noise": "minecraft:pillar_thickness",
            "xz_scale": 1.0,
            "y_scale": 1.0,
            "type": "minecraft:noise"
          },
          "type": "minecraft:mul"
        },
        "type": "minecraft:add"
      },
      "type": "minecraft:cube"
    },
    "type": "minecraft:mul"
  },
  "type": "minecraft:cache_once"
}