{
  "argument1": {
    "argument1": 4.0,
    "argument2": {
      "argument": {
        "argument1": {
          "argument1": "amplified_nether:climate/depth",
          "argument2": {
            "argument1": {
                  "argument1": {
                    "argument1": 0.0,
                    "argument2": {
                      "argument1": 1.0,
                      "argument2": {
                        "argument1": -1.0,
                        "argument2": {
                          "argument": {
                            "type": "minecraft:blend_alpha"
                          },
                          "type": "minecraft:cache_once"
                        },
                        "type": "minecraft:mul"
                      },
                      "type": "minecraft:add"
                    },
                    "type": "minecraft:mul"
                  },
                  "argument2": {
                    "argument1": {
                      "spline": "jaggedness",
                      "min_value": 0.0,
                      "max_value": 1.28,
                      "continentalness": "amplified_nether:climate/continentalness",
                      "erosion": "amplified_nether:climate/erosion",
                      "weirdness": "amplified_nether:climate/weirdness",
                      "type": "minecraft:terrain_shaper_spline"
                    },
                    "argument2": {
                      "argument": {
                        "type": "minecraft:blend_alpha"
                      },
                      "type": "minecraft:cache_once"
                    },
                    "type": "minecraft:mul"
                  },
                  "type": "minecraft:add"
            },
            "argument2": {
              "argument": {
                "noise": "minecraft:jagged",
                "xz_scale": 1500.0,
                "y_scale": 15,
                "type": "minecraft:noise"
              },
              "type": "minecraft:half_negative"
            },
            "type": "minecraft:mul"
          },
          "type": "minecraft:add"
        },
        "argument2": "amplified_nether:climate/factor",
        "type": "minecraft:mul"
      },
      "type": "minecraft:quarter_negative"
    },
    "type": "minecraft:mul"
  },
  "argument2": "minecraft:overworld/base_3d_noise",
  "type": "minecraft:add"
}