{
  "type": "minecraft:decorated",
  "config": {
    "decorator": {
      "type": "minecraft:count",
      "config": {
        "count": 80
      }
    },
    "feature": {
      "type": "minecraft:decorated",
      "config": {
        "decorator": {
          "type": "minecraft:decorated",
          "config": {
            "outer": {
              "type": "minecraft:square",
              "config": {}
            },
            "inner": {
              "type": "minecraft:range",
              "config": {
                "height": {
                  "type": "minecraft:uniform",
                  "min_inclusive": {
                    "above_bottom": 1
                  },
                  "max_inclusive": {
                    "below_top": 1
                  }
                }
              }
            }
          }
        },
        "feature": {
          "type": "minecraft:decorated",
          "config": {
            "decorator": {
              "type": "minecraft:cave_surface",
              "config": {
                "surface": "ceiling",
                "floor_to_ceiling_search_range": 80
              }
            },
            "feature": {
              "type": "minecraft:vegetation_patch",
              "config": {
                "surface": "ceiling",
                "depth": {
                  "type": "minecraft:uniform",
                  "value": {
                    "min_inclusive": 3,
                    "max_inclusive": 5
                  }
                },
                "vertical_range": 1,
                "extra_bottom_block_chance": 0.5,
                "extra_edge_column_chance": 0.5,
                "vegetation_chance": 1,
                "xz_radius": {
                  "type": "minecraft:uniform",
                  "value": {
                    "min_inclusive": 3,
                    "max_inclusive": 5
                  }
                },
                "replaceable": "nullscape:end_bottom",
                "ground_state": {
                  "type": "minecraft:simple_state_provider",
                  "state": {
                    "Name": "minecraft:blackstone"
                  }
                },
                "vegetation_feature": {
                  "type": "minecraft:growing_plant",
                  "config": {
                    "direction": "down",
                    "allow_water": false,
                    "height_distribution": [
                      {
                        "weight": 1,
                        "data": 3
                      },
                      {
                        "weight": 1000,
                        "data": 1
                      },
                      {
                        "weight": 10,
                        "data": 2
                      }
                    ],
                    "body_provider": {
                      "type": "minecraft:simple_state_provider",
                      "state": {
                        "Name": "minecraft:blackstone"
                      }
                    },
                    "head_provider": {
                      "type": "minecraft:simple_state_provider",
                      "state": {
                        "Name": "minecraft:blackstone"
                      }
                    }
                  }
                }
              }
            }
          }
        }
      }
    }
  }
}
