{
  "type": "minecraft:decorated",
  "config": {
    "decorator": {
      "type": "minecraft:count_extra",
      "config": {
        "count": 600,
        "extra_count": 0,
        "extra_chance": 0
      }
    },
    "feature": {
      "type": "minecraft:random_selector",
      "config": {
        "features": [
          {
            "chance": 0.002,
            "feature": {
              "type": "minecraft:decorated",
              "config": {
                "decorator": {
                  "type": "minecraft:heightmap",
                  "config": {
                    "heightmap": "WORLD_SURFACE_WG"
                  }
                },
                "feature": {
                  "type": "minecraft:random_patch",
                  "config": {
                    "can_replace": true,
                    "project": true,
                    "need_water": false,
                    "xspread": 2,
                    "yspread": 1,
                    "zspread": 2,
                    "tries": 50,
                    "state_provider": {
                      "type": "minecraft:simple_state_provider",
                      "state": {
                        "Name": "minecraft:spruce_log",
                        "Properties": {
                          "axis": "y"
                        }
                      }
                    },
                    "block_placer": {
                      "type": "minecraft:column_placer",
                      "size": {
                        "type": "minecraft:biased_to_bottom",
                        "value": {
                          "min_inclusive": 1,
                          "max_inclusive": 3
                        }
                      }
                    },
                    "whitelist": [
                      {
                        "Name": "minecraft:coarse_dirt"
                      },
                      {
                        "Name": "minecraft:podzol",
                        "Properties": {
                          "snowy": "false"
                        }
                      },
                      {
                        "Name": "minecraft:grass_block",
                        "Properties": {
                          "snowy": "false"
                        }
                      }
                    ],
                    "blacklist": []
                  }
                }
              }
            }
          },
          {
            "chance": 0.005,
            "feature": {
              "type": "minecraft:decorated",
              "config": {
                "decorator": {
                  "type": "minecraft:heightmap",
                  "config": {
                    "heightmap": "WORLD_SURFACE_WG"
                  }
                },
                "feature": {
                  "type": "minecraft:random_patch",
                  "config": {
                    "can_replace": true,
                    "project": true,
                    "need_water": false,
                    "xspread": 3,
                    "yspread": 1,
                    "zspread": 1,
                    "tries": 125,
                    "state_provider": {
                      "type": "minecraft:simple_state_provider",
                      "state": {
                        "Name": "minecraft:spruce_log",
                        "Properties": {
                          "axis": "y"
                        }
                      }
                    },
                    "block_placer": {
                      "type": "minecraft:column_placer",
                      "size": {
                        "type": "minecraft:biased_to_bottom",
                        "value": {
                          "min_inclusive": 3,
                          "max_inclusive": 7
                        }
                      }
                    },
                    "whitelist": [
                      {
                        "Name": "minecraft:coarse_dirt"
                      },
                      {
                        "Name": "minecraft:podzol",
                        "Properties": {
                          "snowy": "false"
                        }
                      },
                      {
                        "Name": "minecraft:grass_block",
                        "Properties": {
                          "snowy": "false"
                        }
                      }
                    ],
                    "blacklist": []
                  }
                }
              }
            }
          },
          {
            "chance": 0.005,
            "feature": {
              "type": "minecraft:decorated",
              "config": {
                "decorator": {
                  "type": "minecraft:heightmap",
                  "config": {
                    "heightmap": "WORLD_SURFACE_WG"
                  }
                },
                "feature": {
                  "type": "minecraft:random_patch",
                  "config": {
                    "can_replace": true,
                    "project": true,
                    "need_water": false,
                    "xspread": 1,
                    "yspread": 1,
                    "zspread": 3,
                    "tries": 125,
                    "state_provider": {
                      "type": "minecraft:simple_state_provider",
                      "state": {
                        "Name": "minecraft:spruce_log",
                        "Properties": {
                          "axis": "y"
                        }
                      }
                    },
                    "block_placer": {
                      "type": "minecraft:column_placer",
                      "size": {
                        "type": "minecraft:biased_to_bottom",
                        "value": {
                          "min_inclusive": 3,
                          "max_inclusive": 7
                        }
                      }
                    },
                    "whitelist": [
                      {
                        "Name": "minecraft:coarse_dirt"
                      },
                      {
                        "Name": "minecraft:podzol",
                        "Properties": {
                          "snowy": "false"
                        }
                      },
                      {
                        "Name": "minecraft:grass_block",
                        "Properties": {
                          "snowy": "false"
                        }
                      }
                    ],
                    "blacklist": []
                  }
                }
              }
            }
          },
          {
            "chance": 0.02,
            "feature": "terralith:taiga/giant/tree_base"
          }
        ],
        "default": "terralith:taiga/giant/trunk"
      }
    }
  }
}