{
  "type": "minecraft:decorated",
  "config": {
    "decorator": {
      "type": "minecraft:heightmap",
      "config": {
        "heightmap": "WORLD_SURFACE_WG"
      }
    },
    "feature": {
      "type": "minecraft:decorated",
      "config": {
        "feature": {
          "config": {
            "feature": {
              "type": "minecraft:tree",
              "config": {
                "ignore_vines": false,
                "minimum_size": {
                  "type": "minecraft:two_layers_feature_size",
                  "min_clipped_height": 0,
                  "limit": 0,
                  "lower_size": 0,
                  "upper_size": 0
                },
                "trunk_provider": {
                  "type": "minecraft:simple_state_provider",
                  "state": {
                    "Name": "minecraft:spruce_log",
                    "Properties": {
                      "axis": "y"
                    }
                  }
                },
                "trunk_placer": {
                  "type": "minecraft:straight_trunk_placer",
                  "base_height": 0,
                  "height_rand_a": 16,
                  "height_rand_b": 24
                },
                "foliage_placer": {
                  "type": "minecraft:fancy_foliage_placer",
                  "radius": {
                    "type": "minecraft:uniform",
                    "value": {
                      "min_inclusive": 2,
                      "max_inclusive": 2
                    }
                  },
                  "offset": {
                    "type": "minecraft:uniform",
                    "value": {
                      "min_inclusive": 0,
                      "max_inclusive": 2
                    }
                  },
                  "height": 4
                },
                "decorators": [
                  {
                    "type": "minecraft:leave_vine"
                  }
                ],
                "foliage_provider": {
                  "type": "minecraft:simple_state_provider",
                  "state": {
                    "Name": "minecraft:spruce_log",
                    "Properties": {
                      "axis": "y"
                    }
                  }
                },
                "force_dirt": false,
                "sapling_provider": {
                      "type": "minecraft:simple_state_provider",
                      "state": {
                        "Name": "minecraft:oak_sapling",
                        "Properties": {
                          "stage": "0"
                        }
                      }
                    },"dirt_provider": {
                  "state": {
                    "Name": "minecraft:dirt"
                  },
                  "type": "minecraft:simple_state_provider"
                }
              }
            },
            "decorator": {
              "config": {
                "max_water_depth": 4
              },
              "type": "minecraft:water_depth_threshold"
            }
          },
          "type": "minecraft:decorated"
        },
        "decorator": {
          "config": {
            "heightmap": "WORLD_SURFACE_WG"
          },
          "type": "minecraft:heightmap"
        }
      }
    }
  }
}