{
                          "argument1": {
                            "argument1": 4.0,
                            "argument2": {
                              "argument": {
                                "noise": "minecraft:cave_layer",
                                "xz_scale": 0.75,
                                "y_scale": 6.0,
                                "type": "minecraft:noise"
                              },
                              "type": "minecraft:square"
                            },
                            "type": "minecraft:mul"
                          },
                          "argument2": {
                              "input": {
                                "argument1": 0.175,
                                "argument2": {
                                  "noise": "incendium:math/cave/cheese",
                                  "xz_scale": 1.0,
                                  "y_scale": 0.666666666666666666666,
                                  "type": "minecraft:noise"
                                },
                                "type": "minecraft:add"
                              },
                              "min": -1.0,
                              "max": 1.0,
                              "type": "minecraft:clamp"
                          },
                          "type": "minecraft:add"
                        }