{
  "effects": {
    "mood_sound": {
      "sound": "minecraft:ambient.basalt_deltas.mood",
      "tick_delay": 6000,
      "block_search_extent": 8,
      "offset": 2
    },
    "additions_sound": {
      "sound": "minecraft:ambient.basalt_deltas.additions",
      "tick_chance": 0.0111
    },
    "music": {
      "sound": "minecraft:music.nether.basalt_deltas",
      "min_delay": 12000,
      "max_delay": 24000,
      "replace_current_music": false
    },
    "particle": {
      "options": {
        "type": "minecraft:white_ash"
      },
      "probability": 0.118093334
    },
    "ambient_sound": "minecraft:ambient.basalt_deltas.loop",
    "sky_color": 6840176,
    "fog_color": 6840176,
    "water_color": 4159204,
    "water_fog_color": 4341314
  },
  "carvers": {
    "air": [
      "minecraft:nether_cave"
    ]
  },
  "features": [
    [
      "starmute:amplified/basalt_ceiling",
      "starmute:amplified/basalt_surface",
      "starmute:amplified/blackstone_surface"
    ],
    [],
    [],
    [],
    [
      "minecraft:delta",
      "minecraft:small_basalt_columns",
      "minecraft:large_basalt_columns"
    ],
    [],
    [],
    [
      "minecraft:basalt_blobs",
      "minecraft:blackstone_blobs",
      "minecraft:spring_delta",
      "minecraft:spring_open",
      "minecraft:patch_fire",
      "minecraft:patch_soul_fire",
      "minecraft:glowstone_extra",
      "minecraft:glowstone",
      "minecraft:brown_mushroom_nether",
      "minecraft:red_mushroom_nether",
      "minecraft:ore_magma",
      "minecraft:spring_closed_double",
      "minecraft:ore_gold_deltas",
      "minecraft:ore_quartz_deltas",
      "minecraft:ore_ancient_debris_large",
      "minecraft:ore_debris_small"
    ],
    [],
    [
      "minecraft:spring_lava_double"
    ]
  ],
  "spawners": {
    "monster": [
      {
        "type": "minecraft:ghast",
        "weight": 40,
        "minCount": 1,
        "maxCount": 1
      },
      {
        "type": "minecraft:magma_cube",
        "weight": 100,
        "minCount": 2,
        "maxCount": 5
      }
    ],
    "creature": [
      {
        "type": "minecraft:strider",
        "weight": 60,
        "minCount": 1,
        "maxCount": 2
      }
    ],
    "ambient": [],
    "water_creature": [],
    "water_ambient": [],
    "misc": []
  },
  "spawn_costs": {},
  "precipitation": "none",
  "temperature": 2,
  "downfall": 0,
  "category": "nether"
}
