{
  "scale": 0.3, //0.3
  "effects": {
    "mood_sound": {
      "sound": "minecraft:ambient.cave",
      "tick_delay": 6000,
      "block_search_extent": 8,
      "offset": 2.0
    },
    "sky_color": 0,
    "fog_color": 10518688,
    "water_color": 7172215,
    "water_fog_color": 329011
  },
  "surface_builder": "minecraft:end",
  "carvers": {},
  "features": [
    ["nullscape:asteroid_carver"],
    [],
    [],
    [],
    [

    ],
    [],
    [],
    [],
    [
    ]
  ],
  "starts": [
    "nullscape:rift_neutral"
  ],
  "spawners": {
    "monster": [
      {
        "type": "minecraft:enderman",
        "weight": 10,
        "minCount": 4,
        "maxCount": 4
      }
    ],
    "creature": [],
    "ambient": [],
    "underground_water_creature": [],
    "water_creature": [],
    "water_ambient": [],
    "misc": []
  },
  "spawn_costs": {},
  "player_spawn_friendly": false,
  "precipitation": "none",
  "temperature": 2.0,
  "downfall": 0.0,
  "category": "the_end",
  "depth": -0.2 //-0.2
}