{
  "scale": 0.2,
  "effects": {
    "mood_sound": {
      "sound": "minecraft:ambient.cave",
      "tick_delay": 6000,
      "block_search_extent": 8,
      "offset": 2.0
    },
    "sky_color": 0,
    "fog_color": 10518688,
    "water_color": 7172215,
    "water_fog_color": 329011
  },
  "surface_builder": "minecraft:end",
  "carvers": {},
  "features": [
    ["nullscape:asteroid_carver"],
    [],
    [],
    [],
    [
      "nullscape:infested/pillar",
      "nullscape:infested/pillar_down"
    ],
    [],
    [],
    [],
    [
      "nullscape:chorus_plant"
    ]
  ],
  "starts": [
    "minecraft:end_city"
  ],
  "spawners": {
    "monster": [
      {
        "type": "minecraft:enderman",
        "weight": 5,
        "minCount": 1,
        "maxCount": 1
      },
      {
        "type": "minecraft:endermite",
        "weight": 10,
        "minCount": 3,
        "maxCount": 5
      }
    ],
    "creature": [],
    "ambient": [],
    "underground_water_creature": [],
    "water_creature": [],
    "water_ambient": [],
    "misc": []
  },
  "spawn_costs": {    "enderman": {
      "energy_budget": 0.12,
      "charge": 1
    }},
  "player_spawn_friendly": false,
  "precipitation": "none",
  "temperature": 0.5,
  "downfall": 0.5,
  "category": "the_end",
  "depth": 0.1
}