{
  "scale": 0.0,
  "effects": {
    "mood_sound": {
      "sound": "minecraft:ambient.cave",
      "tick_delay": 6000,
      "block_search_extent": 8,
      "offset": 2.0
    },
    "sky_color": 0,
    "fog_color": 10518688,
    "water_color": 7172215,
    "water_fog_color": 329011,
    "particle": {
      "options": {
        "type": "minecraft:dust_color_transition",
        "fromColor": [0.0, 0.0, 0.0],
        "toColor": [0.7,0.0, 1.5],
        "scale": 1.25
      },
      "probability": 0.02
    }
  },
  "surface_builder": "nullscape:blackstone",
  "carvers": {

  //"air":["nullscape:rift"]

},
  "features": [
    ["nullscape:asteroid_carver"],
    [
      "nullscape:rift/cracks_1",
      "nullscape:rift/cracks_2",
      "nullscape:rift/cracks_3",
      "nullscape:rift/cracks_4",
      "nullscape:rift/cracks_5",
      "nullscape:rift/cracks_crying",
      "nullscape:rift/cracks_crying_2",
      //"nullscape:rift/rift_gateway",
      //"nullscape:rift/rift_obsidian",
      //"nullscape:rift/rift_obsidian_spread",
      //"nullscape:rift/rift_crying_obsidian",
      "nullscape:rift/blackstone"
    ],
    [],
    []

  ],
  "starts": [
    "nullscape:rift"
  ],
  "spawners": {
    "monster": [
      {
        "type": "minecraft:endermite",
        "weight": 7,
        "minCount": 1,
        "maxCount": 2
      },
      {
        "type": "minecraft:phantom",
        "weight": 5,
        "minCount": 1,
        "maxCount": 1
      }
    ],
    "creature": [],
    "ambient": [],
    "underground_water_creature": [],
    "water_creature": [],
    "water_ambient": [],
    "misc": []
  },
  "spawn_costs": {

    "minecraft:endermite": {
      "energy_budget": 0.12,
      "charge": 0.5
    },
    "minecraft:phantom": {
      "energy_budget": 0.1,
      "charge": 0.8
    }

  },
  "player_spawn_friendly": false,
  "precipitation": "none",
  "temperature": 2.0,
  "downfall": 0.0,
  "category": "the_end",
  "depth": 0.6
}