{
  "scale": 0.1,
  "effects": {
    "mood_sound": {
      "sound": "minecraft:ambient.cave",
      "tick_delay": 6000,
      "block_search_extent": 8,
      "offset": 2.0
    },
    "sky_color": 0,
    "fog_color": 10518688,
    "water_color": 0,
    "water_fog_color": 0
  },
  "surface_builder": "minecraft:end",
  "carvers": {},
  "features": [
    ["nullscape:asteroid_carver"],
    [
      "nullscape:tar/tar_pits",
      "nullscape:tar/cracks_1",
      "nullscape:tar/cracks_2",
      "nullscape:tar/cracks_3",
      "nullscape:tar/cracks_4",
      "nullscape:tar/cracks_5"

    ],
    [],
    [
      
    ],
    [],
    [],
    [],
    [
      "nullscape:chorus_light"
    ]
  ],
  "starts": [
    "minecraft:end_city"
  ],
  "spawners": {
    "monster": [
      {
        "type": "minecraft:enderman",
        "weight": 10,
        "minCount": 4,
        "maxCount": 4
      }
    ],
    "creature": [],
    "ambient": [],
    "underground_water_creature": [],
    "water_creature": [],
    "water_ambient": [],
    "misc": []
  },
  "spawn_costs": {},
  "player_spawn_friendly": false,
  "precipitation": "none",
  "temperature": 0.5,
  "downfall": 0.5,
  "category": "the_end",
  "depth": 0.05
}