{
  "scale": 0.2,
  "effects": {
    "mood_sound": {
      "sound": "minecraft:ambient.cave",
      "tick_delay": 6000,
      "block_search_extent": 8,
      "offset": 2.0
    },
    "sky_color": 0,
    "fog_color": 10518688,
    "water_color": 7172215,
    "water_fog_color": 329011
  },
  "surface_builder": "minecraft:end",
  "carvers": {},
  "features": [
    ["nullscape:asteroid_carver"],
    [
      //"nullscape:highland/blackstone_bottom",
    //"nullscape:highland/blackstone_stalactite",
    //"nullscape:highland/blackstone_top"
    //"nullscape:delta/delta2"
    "nullscape:glowstone/roots",
    //"nullscape:glowstone/patch_start",
    "nullscape:glowstone/tree",
    "nullscape:glowstone/tree2"
    ]

  ],
  "starts": [
    "nullscape:rift_neutral"
  ],
  "spawners": {
    "monster": [
      {
        "type": "minecraft:enderman",
        "weight": 10,
        "minCount": 4,
        "maxCount": 4
      }
    ],
    "creature": [],
    "ambient": [],
    "underground_water_creature": [],
    "water_creature": [],
    "water_ambient": [],
    "misc": []
  },
  "spawn_costs": {},
  "player_spawn_friendly": false,
  "precipitation": "none",
  "temperature": 0.5,
  "downfall": 0.5,
  "category": "the_end",
  "depth": 0.1
}