{
  "type": "minecraft:decorated",
  "config": {
    "decorator": {
      "type": "minecraft:count_extra",
      "config": {
        "count": 128,
        "extra_count": 0,
        "extra_chance": 1
      }
    },
    "feature": {
      "type": "minecraft:decorated",
      "config": {
        "decorator": {
          "type": "minecraft:decorated",
          "config": {
            "outer": {
              "type": "minecraft:decorated",
              "config": {
                "outer": {
                  "type": "minecraft:square",
                  "config": {}
                },
                "inner": {
                  "type": "minecraft:count_noise_biased",
                  "config": {
                    "noise_to_count_ratio": 1,
                    "noise_factor": 175,
                    "noise_offset": 1
                  }
                }
              }
            },
            "inner": {
              "type": "minecraft:range",
              "config": {
                "height": {
                  "type": "minecraft:uniform",
                  "min_inclusive": {
                    "absolute": 64
                  },
                  "max_inclusive": {
                    "absolute": 68
                  }
                }
              }
            }
          }
        },
        "feature": {
          "type": "minecraft:netherrack_replace_blobs",
          "config": {
            "state": {
              "Name": "minecraft:gravel"
            },
            "target": {
              "Name": "minecraft:grass_block",
              "Properties": {
                "snowy": "false"
              }
            },
            "radius": {
              "type": "minecraft:uniform",
              "value": {
                "min_inclusive": 0,
                "max_inclusive": 2
              }
            }
          }
        }
      }
    }
  }
}