{
  "type": "minecraft:decorated",
  "config": {
    "decorator": {
      "type": "minecraft:count_extra",
      "config": {
        "count": 4,
        "extra_count": 0,
        "extra_chance": 0.5
      }
    },
    "feature": {
      "type": "minecraft:decorated",
      "config": {
        "decorator": {
          "type": "minecraft:decorated",
          "config": {
            "outer": {
              "type": "minecraft:decorated",
              "config": {
                "outer": {
                  "type": "minecraft:square",
                  "config": {}
                },
                "inner": {
                  "type": "minecraft:count_noise_biased",
                  "config": {
                    "noise_to_count_ratio": 1,
                    "noise_factor": 175,
                    "noise_offset": 1
                  }
                }
              }
            },
            "inner": {
              "type": "minecraft:heightmap",
              "config": {
                "heightmap": "WORLD_SURFACE_WG"
              }
            }
          }
        },
        "feature": {
          "type": "minecraft:disk",
          "config": {
            "state": {
              "Name": "minecraft:magma_block"
            },
            "radius": {
              "type": "minecraft:uniform",
              "value": {
                "min_inclusive": 0,
                "max_inclusive": 1
              }
            },
            "half_height": 1,
            "targets": [
              {
                "Name": "minecraft:blackstone"
              }
            ]
          }
        }
      }
    }
  }
}