{
  "type": "minecraft:decorated",
  "config": {
    "decorator": {
      "type": "minecraft:count_extra",
      "config": {
        "count": 128,
        "extra_count": 128,
        "extra_chance": 1
      }
    },
    "feature": {
      "type": "minecraft:simple_random_selector",
      "config": {
        "features": [
          {
            "type": "minecraft:random_patch",
            "config": {
              "can_replace": true,
              "project": false,
              "need_water": true,
              "xspread": 0,
              "yspread": 1,
              "zspread": 0,
              "tries": 30,
              "state_provider": {
                "type": "minecraft:simple_state_provider",
                "state": {
                  "Name": "minecraft:blackstone"
                }
              },
              "block_placer": {
                "type": "minecraft:column_placer",
                "size": {
                  "type": "minecraft:biased_to_bottom",
                  "value": {
                    "min_inclusive": 8,
                    "max_inclusive": 12
                  }
                }
              },
              "whitelist": [
                {
                  "Name": "minecraft:blackstone"
                }
              ],
              "blacklist": []
            }
          },
          {
            "type": "minecraft:random_patch",
            "config": {
              "can_replace": true,
              "project": false,
              "need_water": true,
              "xspread": 1,
              "yspread": 1,
              "zspread": 0,
              "tries": 30,
              "state_provider": {
                "type": "minecraft:simple_state_provider",
                "state": {
                  "Name": "minecraft:blackstone"
                }
              },
              "block_placer": {
                "type": "minecraft:column_placer",
                "size": {
                  "type": "minecraft:biased_to_bottom",
                  "value": {
                    "min_inclusive": 5,
                    "max_inclusive": 8
                  }
                }
              },
              "whitelist": [
                {
                  "Name": "minecraft:blackstone"
                }
              ],
              "blacklist": []
            }
          },
          {
            "type": "minecraft:random_patch",
            "config": {
              "can_replace": true,
              "project": false,
              "need_water": true,
              "xspread": 0,
              "yspread": 1,
              "zspread": 1,
              "tries": 30,
              "state_provider": {
                "type": "minecraft:simple_state_provider",
                "state": {
                  "Name": "minecraft:blackstone"
                }
              },
              "block_placer": {
                "type": "minecraft:column_placer",
                "size": {
                  "type": "minecraft:biased_to_bottom",
                  "value": {
                    "min_inclusive": 5,
                    "max_inclusive": 8
                  }
                }
              },
              "whitelist": [
                {
                  "Name": "minecraft:blackstone"
                }
              ],
              "blacklist": []
            }
          }
        ]
      }
    }
  }
}