{
  "config": {
    "feature": {
      "config": {
        "feature": {
          "config": {
            "features": [
              {
                "feature": "terralith:coastal/fancy_oak",
                "chance": 0.1
              },
              {
                "feature": "minecraft:jungle_bush",
                "chance": 0.5
              },
              {
                "feature": "terralith:coastal/big_hawaii",
                "chance": 0.1
              },
              {
                "feature": "terralith:coastal/bending_acacia",
                "chance": 0.1333333
              }
            ],
            "default": "minecraft:jungle_tree"
          },
          "type": "minecraft:random_selector"
        },
        "decorator": {
          "config": {
            "outer": {
              "config": {},
              "type": "minecraft:square"
            },
            "inner": {
              "config": {"heightmap":"WORLD_SURFACE"},
              "type": "minecraft:heightmap"
            }
          },
          "type": "minecraft:decorated"
        }
      },
      "type": "minecraft:decorated"
    },
    "decorator": {
      "config": {
        "count": 15,
        "extra_chance": 0.1,
        "extra_count": 1
      },
      "type": "minecraft:count_extra"
    }
  },
  "type": "minecraft:decorated"
}