{
  "type": "minecraft:decorated",
  "config": {
    "decorator": {
      "type": "minecraft:count",
      "config": {
        "count": {
          "type": "minecraft:uniform",
          "value": {
            "min_inclusive": 13,
            "max_inclusive": 32
          }
        }
      }
    },
    "feature": {
      "type": "minecraft:decorated",
      "config": {
        "decorator": {
          "type": "minecraft:square",
          "config": {}
        },
        "feature": {
          "type": "minecraft:decorated",
          "config": {
            "decorator": {
              "type": "minecraft:range",
              "config": {
                "height": {
                  "type": "minecraft:uniform",
                  "min_inclusive": {
                    "above_bottom": 0
                  },
                  "max_inclusive": {
                    "below_top": 0
                  }
                }
              }
            },
            "feature": {
              "type": "minecraft:decorated",
              "config": {
                "decorator": {
                  "type": "minecraft:cave_surface",
                  "config": {
                    "surface": "floor",
                    "floor_to_ceiling_search_range": 50
                  }
                },
                "feature": {
                  "type": "minecraft:random_patch",
                  "config": {
                    "can_replace": false,
                    "project": false,
                    "need_water": false,
                    "xspread": 0,
                    "yspread": 0,
                    "zspread": 0,
                    "tries": 1,
                    "state_provider": {
                      "type": "minecraft:simple_state_provider",
                      "state": {
                        "Name": "minecraft:fire",
                        "Properties": {
                          "age": "0",
                          "east": "false",
                          "north": "false",
                          "south": "false",
                          "up": "false",
                          "west": "false"
                        }
                      }
                    },
                    "block_placer": {
                      "type": "minecraft:simple_block_placer"
                    },
                    "whitelist": [
                      {
                        "Name": "minecraft:obsidian"
                      }
                    ],
                    "blacklist": []
                  }
                }
              }
            }
          }
        }
      }
    }
  }
}
