{
  "type": "minecraft:decorated",
  "config": {
    "decorator": {
      "type": "minecraft:count",
      "config": {
        "count": {
          "type": "minecraft:uniform",
          "value": {
            "min_inclusive": 10,
            "max_inclusive": 20
          }
        }
      }
    },
    "feature": {
      "type": "minecraft:decorated",
      "config": {
        "decorator": {
          "type": "minecraft:decorated",
          "config": {
            "outer": {
              "type": "minecraft:cave_surface",
              "config": {
                "surface": "floor",
                "floor_to_ceiling_search_range": 50
              }
            },
            "inner": {
              "type": "minecraft:nope",
              "config": {}
            }
          }
        },
        "feature": {
          "type": "minecraft:random_patch",
          "config": {
            "can_replace": false,
            "project": false,
            "need_water": false,
            "xspread": 1,
            "yspread": 0,
            "zspread": 1,
            "tries": 750,
            "state_provider": {
              "type": "minecraft:simple_state_provider",
              "state": {
                "Name": "minecraft:obsidian"
              }
            },
            "block_placer": {
              "type": "minecraft:simple_block_placer"
            },
            "whitelist": [
              {
                "Name": "minecraft:obsidian"
              },
              {
                "Name": "minecraft:end_stone"
              },
              {
                "Name": "minecraft:air"
              }
            ],
            "blacklist": []
          }
        }
      }
    }
  }
}
