{
  "type": "minecraft:decorated",
  "config": {
    "decorator": {
      "type": "minecraft:count",
      "config": {
        "count": 1
      }
    },
    "feature": {
      "type": "minecraft:decorated",
      "config": {
        "decorator": {
          "type": "minecraft:decorated",
          "config": {
            "outer": {
              "type": "minecraft:iceberg",
              "config": {}
            },
            "inner": {
              "type": "minecraft:nope",
              "config": {}
            }
          }
        },
        "feature": {
          "type": "minecraft:decorated",
          "config": {
            "decorator": {
              "type": "minecraft:range",
              "config": {
                "height": {
                  "type": "minecraft:uniform",
                  "min_inclusive": {
                    "above_bottom": 0
                  },
                  "max_inclusive": {
                    "below_top": 0
                  }
                }
              }
            },
            "feature": {
              "type": "minecraft:random_selector",
              "config": {
                "features": [
                  {
                    "chance": 0.2,
                    "feature": "nullscape:boneyard/pillar_1"
                  },
                  {
                    "chance": 0.4,
                    "feature": "nullscape:boneyard/pillar_2"
                  },
                  {
                    "chance": 0.3,
                    "feature": "nullscape:boneyard/pillar_3"
                  }
                ],
                "default": "nullscape:boneyard/pillar_4"
              }
            }
          }
        }
      }
    }
  }
}
