{
  "type": "minecraft:decorated",
  "config": {
    "decorator": {
      "type": "minecraft:count_extra",
      "config": {
        "count": 3000,
        "extra_count": 0,
        "extra_chance": 0
      }
    },
    "feature": {
      "type": "minecraft:decorated",
      "config": {
        "decorator": {
          "type": "minecraft:square",
          "config": {}
        },
        "feature": {
          "type": "minecraft:decorated",
          "config": {
            "decorator": {
              "type": "minecraft:range",
              "config": {
                "height": {
                  "type": "minecraft:uniform",
                  "min_inclusive": {
                    "above_bottom": 0
                  },
                  "max_inclusive": {
                    "below_top": 0
                  }
                }
              }
            },
            "feature": {
              "type": "minecraft:decorated",
              "config": {
                "decorator": {
                  "type": "minecraft:cave_surface",
                  "config": {
                    "surface": "floor",
                    "floor_to_ceiling_search_range": 65
                  }
                },
                "feature": {
                  "type": "minecraft:decorated",
                  "config": {
                    "decorator": {
                      "type": "minecraft:count_noise_biased",
                      "config": {
                        "noise_to_count_ratio": 1,
                        "noise_factor": 25,
                        "noise_offset": 0.15
                      }
                    },
                    "feature": {
                      "type": "minecraft:decorated",
                      "config": {
                        "decorator": {
                          "type": "minecraft:count_noise_biased",
                          "config": {
                            "noise_to_count_ratio": -1,
                            "noise_factor": 25,
                            "noise_offset": -0.15
                          }
                        },
                        "feature": {
                          "type": "minecraft:decorated",
                          "config": {
                            "decorator": {
                              "type": "minecraft:count_noise_biased",
                              "config": {
                                "noise_to_count_ratio": 1,
                                "noise_factor": 107,
                                "noise_offset": 0
                              }
                            },
                            "feature": {
                              "type": "minecraft:vegetation_patch",
                              "config": {
                                "surface": "floor",
                                "depth": 2,
                                "vertical_range": 4,
                                "extra_bottom_block_chance": 0,
                                "extra_edge_column_chance": 0.03,
                                "vegetation_chance": 0.003,
                                "xz_radius": 0,
                                "replaceable": "nullscape:end_stone",
                                "ground_state": {
                                  "type": "minecraft:simple_state_provider",
                                  "state": {
                                    "Name": "minecraft:smooth_basalt"
                                  }
                                },
                                "vegetation_feature":  {
                                  "type": "minecraft:simple_block",
                                  "config": {
                                    "to_place": {
                                      "type": "minecraft:simple_state_provider",
                                      "state": {
                                        "Name": "minecraft:soul_fire"
                                      }
                                    },
                                    "place_on": [
                                      {
                                        "Name": "minecraft:soul_sand"
                                      },
                                      {
                                        "Name": "minecraft:smooth_basalt"
                                      }
                                    ],
                                    "place_in": [
                                      {
                                        "Name": "minecraft:air"
                                      }
                                    ],
                                    "place_under": [
                                      {
                                        "Name": "minecraft:air"
                                      }
                                    ]
                                  }
                                }
                              }
                            }
                          }
                        }
                      }
                    }
                  }
                }
              }
            }
          }
        }
      }
    }
  }
}
