{
  "type": "minecraft:decorated",
  "config": {
    "decorator": {
      "type": "minecraft:count_extra",
      "config": {
        "count": 4000,
        "extra_count": 0,
        "extra_chance": 0
      }
    },
    "feature": {
      "type": "minecraft:decorated",
      "config": {
        "decorator": {
          "type": "minecraft:square",
          "config": {}
        },
        "feature": {
          "type": "minecraft:decorated",
          "config": {
            "decorator": {
              "type": "minecraft:range",
              "config": {
                "height": {
                  "type": "minecraft:uniform",
                  "min_inclusive": {
                    "above_bottom": 0
                  },
                  "max_inclusive": {
                    "below_top": 0
                  }
                }
              }
            },
            "feature": {
              "type": "minecraft:decorated",
              "config": {
                "decorator": {
                  "type": "minecraft:cave_surface",
                  "config": {
                    "surface": "floor",
                    "floor_to_ceiling_search_range": 65
                  }
                },
                "feature": {
                  "type": "minecraft:decorated",
                  "config": {
                    "decorator": {
                      "type": "minecraft:count_noise_biased",
                      "config": {
                        "noise_to_count_ratio": 1,
                        "noise_factor": 25,
                        "noise_offset": 0.03
                      }
                    },
                    "feature": {
                      "type": "minecraft:decorated",
                      "config": {
                        "decorator": {
                          "type": "minecraft:count_noise_biased",
                          "config": {
                            "noise_to_count_ratio": -1,
                            "noise_factor": 25,
                            "noise_offset": -0.03
                          }
                        },
                        "feature": {
                          "type": "minecraft:decorated",
                          "config": {
                            "decorator": {
                              "type": "minecraft:count_noise_biased",
                              "config": {
                                "noise_to_count_ratio": 1,
                                "noise_factor": 107,
                                "noise_offset": 0.25
                              }
                            },
                            "feature": {
                              "type": "minecraft:vegetation_patch",
                              "config": {
                                "surface": "floor",
                                "depth": 1,
                                "vertical_range": 4,
                                "extra_bottom_block_chance": 0,
                                "extra_edge_column_chance": 0.03,
                                "vegetation_chance": 0.003,
                                "xz_radius": 0,
                                "replaceable": "nullscape:end_soil",
                                "ground_state": {
                                  "type": "minecraft:simple_state_provider",
                                  "state": {
                                    "Name": "minecraft:basalt","Properties":{"axis":"y"}
                                  }
                                },
                                "vegetation_feature": {
                                  "type": "minecraft:random_selector",
                                  "config": {
                                    "features": [
                                      {
                                        "chance": 0.3,
                                        "feature": {
                                          "type": "minecraft:tree",
                                          "config": {
                                            "ignore_vines": false,
                                            "force_dirt": false,
                                            "minimum_size": {
                                              "type": "minecraft:two_layers_feature_size",
                                              "min_clipped_height": 0,
                                              "limit": 0,
                                              "lower_size": 1,
                                              "upper_size": 0
                                            },
                                            "dirt_provider": {
                                              "type": "minecraft:simple_state_provider",
                                              "state": {
                                                "Name": "minecraft:bone_block",
                                                "Properties": {
                                                  "axis": "y"
                                                }
                                              }
                                            },
                                            "sapling_provider": {
                                              "type": "minecraft:simple_state_provider",
                                              "state": {
                                                "Name": "minecraft:stone"
                                              }
                                            },
                                            "trunk_provider": {
                                              "type": "minecraft:simple_state_provider",
                                              "state": {
                                                "Name": "minecraft:bone_block",
                                                "Properties": {
                                                  "axis": "y"
                                                }
                                              }
                                            },
                                            "foliage_provider": {
                                              "type": "minecraft:simple_state_provider",
                                              "state": {
                                                "Name": "minecraft:air"
                                              }
                                            },
                                            "trunk_placer": {
                                              "type": "minecraft:fancy_trunk_placer",
                                              "base_height": 3,
                                              "height_rand_a": 3,
                                              "height_rand_b": 3
                                            },
                                            "foliage_placer": {
                                              "type": "minecraft:pine_foliage_placer",
                                              "radius": 0,
                                              "offset": 0,
                                              "height": 0
                                            },
                                            "decorators": []
                                          }
                                        }
                                      }
                                    ],
                                    "default": {
                                      "type": "minecraft:tree",
                                      "config": {
                                        "ignore_vines": false,
                                        "force_dirt": false,
                                        "minimum_size": {
                                          "type": "minecraft:two_layers_feature_size",
                                          "min_clipped_height": 0,
                                          "limit": 0,
                                          "lower_size": 1,
                                          "upper_size": 0
                                        },
                                        "dirt_provider": {
                                          "type": "minecraft:simple_state_provider",
                                          "state": {
                                            "Name": "minecraft:bone_block",
                                            "Properties": {
                                              "axis": "y"
                                            }
                                          }
                                        },
                                        "sapling_provider": {
                                          "type": "minecraft:simple_state_provider",
                                          "state": {
                                            "Name": "minecraft:stone"
                                          }
                                        },
                                        "trunk_provider": {
                                          "type": "minecraft:simple_state_provider",
                                          "state": {
                                            "Name": "minecraft:bone_block",
                                            "Properties": {
                                              "axis": "y"
                                            }
                                          }
                                        },
                                        "foliage_provider": {
                                          "type": "minecraft:simple_state_provider",
                                          "state": {
                                            "Name": "minecraft:air"
                                          }
                                        },
                                        "trunk_placer": {
                                          "type": "minecraft:bending_trunk_placer",
                                          "base_height": 4,
                                          "height_rand_a": 2,
                                          "height_rand_b": 3,
                                          "bend_length": {
                                            "type": "minecraft:uniform",
                                            "value": {
                                              "min_inclusive": 1,
                                              "max_inclusive": 4
                                            }
                                          },
                                          "min_height_for_leaves": 100
                                        },
                                        "foliage_placer": {
                                          "type": "minecraft:pine_foliage_placer",
                                          "radius": 0,
                                          "offset": 0,
                                          "height": 0
                                        },
                                        "decorators": []
                                      }
                                    }
                                  }
                                }
                              }
                            }
                          }
                        }
                      }
                    }
                  }
                }
              }
            }
          }
        }
      }
    }
  }
}
