{
  "type": "minecraft:decorated",
  "config": {
    "decorator": {
      "type": "minecraft:count_extra",
      "config": {
        "count": 1200,
        "extra_count": 4,
        "extra_chance": 1
      }
    },
    "feature": {
      "type": "minecraft:decorated",
      "config": {
        "decorator": {
          "type": "minecraft:square",
          "config": {}
        },
        "feature": {
          "type": "minecraft:decorated",
          "config": {
            "decorator": {
              "type": "minecraft:count_noise_biased",
              "config": {
                "noise_to_count_ratio": 40,
                "noise_factor": 284,
                "noise_offset": -0.565
              }
            },
            "feature": {
              "type": "minecraft:decorated",
              "config": {
                "decorator": {
                  "type": "minecraft:count_noise_biased",
                  "config": {
                    "noise_to_count_ratio": 1,
                    "noise_factor": 46,
                    "noise_offset": 0.15
                  }
                },
                "feature": {
                  "type": "minecraft:decorated",
                  "config": {
                    "decorator": {
                      "type": "minecraft:count_noise_biased",
                      "config": {
                        "noise_to_count_ratio": -1,
                        "noise_factor": 46,
                        "noise_offset": -0.15
                      }
                    },
                    "feature": {
                      "type": "minecraft:decorated",
                      "config": {
                        "decorator": {
                          "type": "minecraft:range",
                          "config": {
                            "height": {
                              "type": "minecraft:uniform",
                              "min_inclusive": {
                                "above_bottom": 0
                              },
                              "max_inclusive": {
                                "below_top": 0
                              }
                            }
                          }
                        },
                        "feature": {
                          "type": "minecraft:decorated",
                          "config": {
                            "decorator": {
                              "type": "minecraft:chance",
                              "config": {
                                "chance": 35
                              }
                            },
                            "feature": {
                              "type": "minecraft:netherrack_replace_blobs",
                              "config": {
                                "state": {
                                  "Name": "minecraft:crying_obsidian"
                                },
                                "target": {
                                  "Name": "minecraft:obsidian"
                                },
                                "radius": 0
                              }
                            }
                          }
                        }
                      }
                    }
                  }
                }
              }
            }
          }
        }
      }
    }
  }
}
