{
  "type": "minecraft:decorated",
  "config": {
    "decorator": {
      "type": "minecraft:chance",
      "config": {
        "chance": 5
      }
    },
    "feature": {
      "type": "minecraft:decorated",
      "config": {
        "decorator": {
          "type": "minecraft:range",
          "config": {
            "height": {
              "type": "minecraft:uniform",
              "min_inclusive": {
                "above_bottom": 0
              },
              "max_inclusive": {
                "below_top": 0
              }
            }
          }
        },
        "feature": {
          "type": "minecraft:random_boolean_selector",
          "config": {
            "feature_false": "nullscape:rift/base",
            "feature_true": "nullscape:rift/base"
          }
        }
      }
    }
  }
}
