{
  "type": "minecraft:decorated",
  "config": {
    "decorator": {
      "type": "minecraft:carving_mask",
      "config": {
        "step": "air"
      }
    },
    "feature": {
      "type": "minecraft:ore",
      "config": {
        "size": 22,
        "discard_chance_on_air_exposure": 0,
        "targets": [
          {
            "target": {
              "predicate_type": "minecraft:tag_match",
              "tag": "nullscape:rift_blocks"
            },
            "state": {
              "Name": "minecraft:obsidian"
            }
          }
        ]
      }
    }
  }
}
