{
  "type": "minecraft:decorated",
  "config": {
    "decorator": {
      "type": "minecraft:count",
      "config": {
        "count": 16
      }
    },
    "feature": {
      "type": "minecraft:decorated",
      "config": {
        "decorator": {
          "type": "minecraft:count_multilayer",
          "config": {
            "count": 255
          }
        },
        "feature": {
          "type": "minecraft:decorated",
          "config": {
            "decorator": {
              "type": "minecraft:count_noise_biased",
              "config": {
                "noise_to_count_ratio": 1,
                "noise_factor": 65,
                "noise_offset": 0.075
              }
            },
            "feature": {
              "type": "minecraft:decorated",
              "config": {
                "decorator": {
                  "type": "minecraft:count_noise_biased",
                  "config": {
                    "noise_to_count_ratio": -1,
                    "noise_factor": 65,
                    "noise_offset": -0.075
                  }
                },
                "feature": {
                  "type": "minecraft:decorated",
                  "config": {
                    "decorator": {
                      "type": "minecraft:count_noise_biased",
                      "config": {
                        "noise_to_count_ratio": 1,
                        "noise_factor": 200,
                        "noise_offset": -0.8
                      }
                    },
                    "feature": {
                      "type": "minecraft:vegetation_patch",
                      "config": {
                        "surface": "floor",
                        "depth": 1,
                        "vertical_range": 1,
                        "extra_bottom_block_chance": 0,
                        "extra_edge_column_chance": 0,
                        "vegetation_chance": 1,
                        "xz_radius": 0,
                        "replaceable": "nullscape:rift_blocks",
                        "ground_state": {
                          "type": "minecraft:simple_state_provider",
                          "state": {
                            "Name": "minecraft:end_gateway"
                          }
                        },
                        "vegetation_feature": {
                          "type": "minecraft:random_selector",
                          "config": {
                            "features": [],
                            "default": {
                              "type": "minecraft:ore",
                              "config": {
                                "size": 20,
                                "discard_chance_on_air_exposure": 0,
                                "targets": [
                                  {
                                    "target": {
                                      "predicate_type": "minecraft:block_match",
                                      "block": "minecraft:end_stone"
                                    },
                                    "state": {
                                      "Name": "minecraft:obsidian"
                                    }
                                  },
                                  {
                                    "target": {
                                      "predicate_type": "minecraft:block_match",
                                      "block": "minecraft:blackstone"
                                    },
                                    "state": {
                                      "Name": "minecraft:obsidian"
                                    }
                                  }
                                ]
                              }
                            }
                          }
                        }
                      }
                    }
                  }
                }
              }
            }
          }
        }
      }
    }
  }
}
