{
  "type": "minecraft:decorated",
  "config": {
    "decorator": {
      "type": "minecraft:decorated",
      "config": {
        "outer": {
          "type": "minecraft:count",
          "config": {
            "count": {
              "type": "minecraft:constant",
              "value": 6
            }
          }
        },
        "inner": {
          "type": "minecraft:square",
          "config": {}
        }
      }
    },
    "feature": {
      "type": "minecraft:decorated",
      "config": {
        "decorator": {
          "type": "minecraft:chance",
          "config": {
            "chance": 8
          }
        },
        "feature": {
          "type": "minecraft:decorated",
          "config": {
            "decorator": {
              "type": "minecraft:range",
              "config": {
                "height": {
                  "type": "minecraft:trapezoid",
                  "min_inclusive": {
                    "above_bottom": 18
                  },
                  "max_inclusive": {
                    "below_top": 64
                  }
                }
              }
            },
            "feature": {
              "type": "minecraft:geode",
              "config": {
                "blocks": {
                  "filling_provider": {
                    "type": "minecraft:simple_state_provider",
                    "state": {
                      "Name": "minecraft:end_stone"
                    }
                  },
                  "inner_layer_provider": {
                    "type": "minecraft:simple_state_provider",
                    "state": {
                      "Name": "minecraft:end_stone"
                    }
                  },
                  "alternate_inner_layer_provider": {
                    "type": "minecraft:simple_state_provider",
                    "state": {
                      "Name": "minecraft:end_stone"
                    }
                  },
                  "middle_layer_provider": {
                    "type": "minecraft:weighted_state_provider",
                    "entries": [
                      {
                        "weight": 1,
                        "data": {
                          "Name": "minecraft:air"
                        }
                      },
                      {
                        "weight": 13,
                        "data": {
                          "Name": "minecraft:end_stone"
                        }
                      }
                    ]
                  },
                  "outer_layer_provider": {
                    "type": "minecraft:weighted_state_provider",
                    "entries": [
                      {
                        "weight": 8,
                        "data": {
                          "Name": "minecraft:end_stone"
                        }
                      },
                      {
                        "weight": 1,
                        "data": {
                          "Name": "minecraft:air"
                        }
                      }
                    ]
                  },
                  "inner_placements": [
                    {
                      "Name": "minecraft:end_stone"
                    }
                  ],
                  "cannot_replace": "minecraft:carpets",
                  "invalid_blocks": "nullscape:end_bottom"
                },
                "layers": {
                  "filling": 1,
                  "inner_layer": 1.5,
                  "middle_layer": 2,
                  "outer_layer": 2.75
                },
                "crack": {
                  "generate_crack_chance": 0.625,
                  "base_crack_size": 1.4,
                  "crack_point_offset": 1.05
                },
                "noise_multiplier": 0.095,
                "use_potential_placements_chance": 0,
                "use_alternate_layer0_chance": 0,
                "placements_require_layer0_alternate": false,
                "outer_wall_distance": {
                  "type": "minecraft:uniform",
                  "value": {
                    "min_inclusive": 3,
                    "max_inclusive": 6
                  }
                },
                "distribution_points": {
                  "type": "minecraft:biased_to_bottom",
                  "value": {
                    "min_inclusive": 2,
                    "max_inclusive": 4
                  }
                },
                "point_offset": {
                  "type": "minecraft:uniform",
                  "value": {
                    "min_inclusive": 3,
                    "max_inclusive": 7
                  }
                },
                "min_gen_offset": -20,
                "max_gen_offset": 20,
                "invalid_blocks_threshold": 25
              }
            }
          }
        }
      }
    }
  }
}
