{
	"feature": "nullscape:glowstone/tree2",
	"placement": [
		    {
      "type": "minecraft:noise_based_count",
      "noise_to_count_ratio": -1,
      "noise_factor": 1800,
      "noise_offset": 0
    },
    {
      "type": "minecraft:noise_based_count",
      "noise_to_count_ratio": 1,
      "noise_factor": 1100,
      "noise_offset": 0
    },
		{
			"type": "minecraft:noise_based_count",
			"noise_to_count_ratio": -6000,
			"noise_factor": 401,
			"noise_offset": -0.3
		},
		{
			"type": "minecraft:in_square"
		},
		{
			"type": "minecraft:height_range",
			"height": {
				"type": "minecraft:uniform",
				"min_inclusive": {
					"above_bottom": 1
				},
				"max_inclusive": {
					"below_top": 1
				}
			}
		},
		{
			"type": "minecraft:environment_scan",
			"direction_of_search": "down",
			"target_condition": {
				"type": "minecraft:solid"
			},
			"allowed_search_condition": {
				"type": "minecraft:matching_blocks",
				"blocks": [
					"minecraft:air"
				]
			},
			"max_steps": 32
		},
		{
			"type": "minecraft:rarity_filter",
			"chance": 1
		}
	]
}
