{
  "type": "minecraft:decorated",
  "config": {
    "decorator": {
      "type": "minecraft:heightmap",
      "config": {
        "heightmap": "WORLD_SURFACE"
      }
    },
    "feature": {
      "type": "minecraft:vegetation_patch",
      "config": {
        "surface": "floor",
        "depth": 1,
        "vertical_range": 1,
        "extra_bottom_block_chance": 0,
        "extra_edge_column_chance": 0,
        "vegetation_chance": 1,
        "xz_radius": 16,
        "replaceable": "terralith:tophack/black_concrete",
        "ground_state": {
          "type": "minecraft:simple_state_provider",
          "state": {
            "Name": "minecraft:air"
          }
        },
        "vegetation_feature": {
          "type": "minecraft:decorated",
          "config": {
            "decorator": {
              "type": "minecraft:heightmap",
              "config": {
                "heightmap": "WORLD_SURFACE_WG"
              }
            },
            "feature": {
              "type": "minecraft:vegetation_patch",
              "config": {
                "surface": "floor",
                "depth": 3,
                "vertical_range": 1,
                "extra_bottom_block_chance": 0,
                "extra_edge_column_chance": 0,
                "vegetation_chance": 0,
                "xz_radius": {
                  "type": "minecraft:uniform",
                  "value": {
                    "min_inclusive": 1,
                    "max_inclusive": 3
                  }
                },
                "replaceable": "minecraft:base_stone_overworld",
                "ground_state": {
                  "type": "minecraft:simple_state_provider",
                  "state": {
                    "Name": "minecraft:tuff"
                  }
                },
                "vegetation_feature": {
                  "type": "minecraft:no_op",
                  "config": {}
                }
              }
            }
          }
        }
      }
    }
  }
}