{
  "type": "minecraft:decorated",
  "config": {
    "decorator": {
      "type": "minecraft:count_extra",
      "config": {
        "count": 1000,
        "extra_count": 0,
        "extra_chance": 0
      }
    },
    "feature": {
      "type": "minecraft:decorated",
      "config": {
        "decorator": {
          "type": "minecraft:decorated",
          "config": {
            "outer": {
              "type": "minecraft:square",
              "config": {}
            },
            "inner": {
              "type": "minecraft:heightmap",
              "config": {
                "heightmap": "WORLD_SURFACE_WG"
              }
            }
          }
        },
        "feature": {
          "type": "minecraft:decorated",
          "config": {
            "decorator": {
              "type": "minecraft:count_noise_biased",
              "config": {
                "noise_to_count_ratio": 10,
                "noise_factor": 40,
                "noise_offset": -0.3
              }
            },
            "feature": {
              "type": "minecraft:decorated",
              "config": {
                "decorator": {
                  "type": "minecraft:chance",
                  "config": {
                    "chance": 14
                  }
                },
                "feature": {
                  "type": "minecraft:netherrack_replace_blobs",
                  "config": {
                    "state": {
                      "Name": "minecraft:cobblestone"
                    },
                    "target": {
                      "Name": "minecraft:tuff"
                    },
                    "radius": 0
                  }
                }
              }
            }
          }
        }
      }
    }
  }
}