{
  "type": "minecraft:decorated",
  "config": {
    "decorator": {
      "type": "minecraft:chance",
      "config": {
        "chance": 2
      }
    },
    "feature": {
      "type": "minecraft:decorated",
      "config": {
        "decorator": {
          "type": "minecraft:square",
          "config": {}
        },
        "feature": {
          "type": "minecraft:decorated",
          "config": {
            "decorator": {
              "type": "minecraft:heightmap",
              "config": {
                "heightmap": "WORLD_SURFACE_WG"
              }
            },
            "feature": {
              "type": "minecraft:waterlogged_vegetation_patch",
              "config": {
                "surface": "floor",
                "depth": 2,
                "vertical_range": 2,
                "extra_bottom_block_chance": 0,
                "extra_edge_column_chance": 0.5,
                "vegetation_chance": 1,
                "xz_radius": {
                  "type": "minecraft:biased_to_bottom",
                  "value": {
                    "min_inclusive": 1,
                    "max_inclusive": 3
                  }
                },
                "replaceable": "terralith:taiga/soil_stone",
                "ground_state": {
                  "type": "minecraft:simple_state_provider",
                  "state": {
                    "Name": "minecraft:cobbled_deepslate"
                  }
                },
                "vegetation_feature": {
                  "type": "minecraft:decorated",
                  "config": {
                    "decorator": {
                      "type": "minecraft:count",
                      "config": {
                        "count": {
                          "type": "minecraft:uniform",
                          "value": {
                            "min_inclusive": 1,
                            "max_inclusive": 3
                          }
                        }
                      }
                    },
                    "feature": {
                      "type": "minecraft:decorated",
                      "config": {
                        "decorator": {
                          "type": "minecraft:count",
                          "config": {
                            "count": 3
                          }
                        },
                        "feature": {
                          "type": "minecraft:scattered_ore",
                          "config": {
                            "size": 30,
                            "discard_chance_on_air_exposure": 0,
                            "targets": [
                              {
                                "target": {
                                  "predicate_type": "minecraft:random_block_match",
                                  "block": "minecraft:cobblestone",
                                  "probability": 0.75
                                },
                                "state": {
                                  "Name": "minecraft:cobbled_deepslate"
                                }
                              },
                              {
                                "target": {
                                  "predicate_type": "minecraft:random_block_match",
                                  "block": "minecraft:diorite",
                                  "probability": 0.75
                                },
                                "state": {
                                  "Name": "minecraft:cobbled_deepslate"
                                }
                              },
                              {
                                "target": {
                                  "predicate_type": "minecraft:random_block_match",
                                  "block": "minecraft:andesite",
                                  "probability": 0.75
                                },
                                "state": {
                                  "Name": "minecraft:cobbled_deepslate"
                                }
                              },
                              {
                                "target": {
                                  "predicate_type": "minecraft:random_block_match",
                                  "block": "minecraft:granite",
                                  "probability": 0.75
                                },
                                "state": {
                                  "Name": "minecraft:cobbled_deepslate"
                                }
                              },
                              {
                                "target": {
                                  "predicate_type": "minecraft:random_block_match",
                                  "block": "minecraft:tuff",
                                  "probability": 0.75
                                },
                                "state": {
                                  "Name": "minecraft:cobbled_deepslate"
                                }
                              },
                              {
                                "target": {
                                  "predicate_type": "minecraft:random_block_match",
                                  "block": "minecraft:stone",
                                  "probability": 0.75
                                },
                                "state": {
                                  "Name": "minecraft:cobbled_deepslate"
                                }
                              },
                              {
                                "target": {
                                  "predicate_type": "minecraft:random_block_match",
                                  "block": "minecraft:coarse_dirt",
                                  "probability": 0.75
                                },
                                "state": {
                                  "Name": "minecraft:cobbled_deepslate"
                                }
                              },
                              {
                                "target": {
                                  "predicate_type": "minecraft:random_block_match",
                                  "block": "minecraft:grass_block",
                                  "probability": 0.75
                                },
                                "state": {
                                  "Name": "minecraft:cobbled_deepslate"
                                }
                              },
                              {
                                "target": {
                                  "predicate_type": "minecraft:random_block_match",
                                  "block": "minecraft:dirt",
                                  "probability": 0.75
                                },
                                "state": {
                                  "Name": "minecraft:cobbled_deepslate"
                                }
                              }
                            ]
                          }
                        }
                      }
                    }
                  }
                }
              }
            }
          }
        }
      }
    }
  }
}