{
  "type": "minecraft:decorated",
  "config": {
    "decorator": {
      "type": "minecraft:count",
      "config": {
        "count": {
          "type": "minecraft:uniform",
          "value": {
            "min_inclusive": 50,
            "max_inclusive": 55
          }
        }
      }
    },
    "feature": {
      "type": "minecraft:decorated",
      "config": {
        "decorator": {
          "type": "minecraft:square",
          "config": {}
        },
        "feature": {
          "type": "minecraft:decorated",
          "config": {
            "decorator": {
              "type": "minecraft:count_noise_biased",
              "config": {
                "noise_to_count_ratio": 27,
                "noise_factor": 144,
                "noise_offset": -0.1
              }
            },
            "feature": {
              "type": "minecraft:decorated",
              "config": {
                "decorator": {
                  "type": "minecraft:range",
                  "config": {
                    "height": {
                      "type": "minecraft:uniform",
                      "min_inclusive": {
                        "above_bottom": 0
                      },
                      "max_inclusive": {
                        "below_top": 0
                      }
                    }
                  }
                },
                "feature": {
                  "type": "minecraft:decorated",
                  "config": {
                    "decorator": {
                      "type": "minecraft:chance",
                      "config": {
                        "chance": 60
                      }
                    },
                    "feature": {
                      "type": "minecraft:decorated",
                      "config": {
                        "decorator": {
                          "type": "minecraft:cave_surface",
                          "config": {
                            "surface": "floor",
                            "floor_to_ceiling_search_range": 50
                          }
                        },
                        "feature": {
                          "type": "minecraft:random_selector",
                          "config": {
                            "features": [
                              {
                                "chance": 0.95,
                                "feature": "nullscape:tar/tar_pit"
                              }
                            ],
                            "default": "nullscape:tar/tar_pit_glowing"
                          }
                        }
                      }
                    }
                  }
                }
              }
            }
          }
        }
      }
    }
  }
}
