{
  "argument": {
    "argument": {
      "argument1": {
        "argument1": 10.0,
        "argument2": {
          "argument1": 1.0,
          "argument2": {
            "argument1": -1.0,
            "argument2": {
              "argument": {
                "type": "minecraft:blend_alpha"
              },
              "type": "minecraft:cache_once"
            },
            "type": "minecraft:mul"
          },
          "type": "minecraft:add"
        },
        "type": "minecraft:mul"
      },
      "argument2": {
        "argument1": {
          "spline": "factor",
          "min_value": 0.0,
          "max_value": 8.0,
            "continentalness": "amplified_nether:climate/continentalness",
            "erosion": "amplified_nether:climate/erosion",
            "weirdness": "amplified_nether:climate/weirdness",
          "type": "minecraft:terrain_shaper_spline"
        },
        "argument2": {
          "argument": {
            "type": "minecraft:blend_alpha"
          },
          "type": "minecraft:cache_once"
        },
        "type": "minecraft:mul"
      },
      "type": "minecraft:add"
    },
    "type": "minecraft:cache_2d"
  },
  "type": "minecraft:flat_cache"
}